material_name,alias_count,observation_count,reason,sources
-,1,312,property-backed but not confidently classified as a material,Системы 2.XLSX | Системы 3.xlsx | Системы 4.xlsx | Таблица на 1 кв.м ЛКМ основная.xlsx
-18836326.039215684,1,1,property-backed but not confidently classified as a material,Таблица на 1 кв.м ЛКМ основная.xlsx
0,1,338,property-backed but not confidently classified as a material,Таблица на 1 кв.м ЛКМ основная.xlsx
"0,173+0,173",1,1,property-backed but not confidently classified as a material,Системы 2.XLSX
"0,211/0,112",1,1,property-backed but not confidently classified as a material,Системы 4.xlsx
"0,247/0,134",1,1,property-backed but not confidently classified as a material,Системы 4.xlsx
"0,26+0,26",1,1,property-backed but not confidently classified as a material,Системы 2.XLSX
"0,268/0,112",1,1,property-backed but not confidently classified as a material,Системы 4.xlsx
"0,28+0,149",1,1,property-backed but not confidently classified as a material,Системы 2.XLSX
"0,282/0,282",1,2,property-backed but not confidently classified as a material,Системы 4.xlsx
"0,3/0,351/0,134",1,1,property-backed but not confidently classified as a material,Системы 4.xlsx
"0,307/0,134",1,1,property-backed but not confidently classified as a material,Системы 4.xlsx
"0,309/0,309",1,1,property-backed but not confidently classified as a material,Системы 4.xlsx
"0,33+0,179",1,1,property-backed but not confidently classified as a material,Системы 2.XLSX
"0,345/0,134",1,1,property-backed but not confidently classified as a material,Системы 4.xlsx
"0,35+0,35",1,2,property-backed but not confidently classified as a material,Системы 2.XLSX
"0,36+0,149",1,1,property-backed but not confidently classified as a material,Системы 2.XLSX
"0,4+0,47+0,179",1,1,property-backed but not confidently classified as a material,Системы 2.XLSX
"0,41+0,41",1,1,property-backed but not confidently classified as a material,Системы 2.XLSX
"0,424/0,134",1,1,property-backed but not confidently classified as a material,Системы 4.xlsx
"0,46+0,179",1,2,property-backed but not confidently classified as a material,Системы 2.XLSX
"0,56+0,179",1,1,property-backed but not confidently classified as a material,Системы 2.XLSX
0.0,1,18,property-backed but not confidently classified as a material,Системы 1.xls
0.0035714285714285713,1,2,property-backed but not confidently classified as a material,Таблица на 1 кв.м ЛКМ основная.xlsx
0.003968253968253968,1,2,property-backed but not confidently classified as a material,Таблица на 1 кв.м ЛКМ основная.xlsx
0.004285714285714286,1,2,property-backed but not confidently classified as a material,Таблица на 1 кв.м ЛКМ основная.xlsx
0.004310344827586208,1,1,property-backed but not confidently classified as a material,Таблица на 1 кв.м ЛКМ основная.xlsx
0.004500000000000001,1,1,property-backed but not confidently classified as a material,Таблица на 1 кв.м ЛКМ основная.xlsx
0.004761904761904762,1,3,property-backed but not confidently classified as a material,Таблица на 1 кв.м ЛКМ основная.xlsx
0.005,1,1,property-backed but not confidently classified as a material,Таблица на 1 кв.м ЛКМ основная.xlsx
0.005000000000000001,1,2,property-backed but not confidently classified as a material,Таблица на 1 кв.м ЛКМ основная.xlsx
0.005172413793103449,1,2,property-backed but not confidently classified as a material,Таблица на 1 кв.м ЛКМ основная.xlsx
0.005479452054794521,1,1,property-backed but not confidently classified as a material,Таблица на 1 кв.м ЛКМ основная.xlsx
0.005555555555555556,1,1,property-backed but not confidently classified as a material,Таблица на 1 кв.м ЛКМ основная.xlsx
0.0058823529411764705,1,1,property-backed but not confidently classified as a material,Таблица на 1 кв.м ЛКМ основная.xlsx
0.006122448979591837,1,1,property-backed but not confidently classified as a material,Таблица на 1 кв.м ЛКМ основная.xlsx
0.006545454545454545,1,2,property-backed but not confidently classified as a material,Таблица на 1 кв.м ЛКМ основная.xlsx
0.006802721088435375,1,1,property-backed but not confidently classified as a material,Таблица на 1 кв.м ЛКМ основная.xlsx
0.006875000000000001,1,1,property-backed but not confidently classified as a material,Таблица на 1 кв.м ЛКМ основная.xlsx
0.007105263157894737,1,2,property-backed but not confidently classified as a material,Таблица на 1 кв.м ЛКМ основная.xlsx
0.007142857142857143,1,6,property-backed but not confidently classified as a material,Таблица на 1 кв.м ЛКМ основная.xlsx
0.007272727272727273,1,2,property-backed but not confidently classified as a material,Таблица на 1 кв.м ЛКМ основная.xlsx
0.007389162561576356,1,1,property-backed but not confidently classified as a material,Таблица на 1 кв.м ЛКМ основная.xlsx
0.0075,1,2,property-backed but not confidently classified as a material,Таблица на 1 кв.м ЛКМ основная.xlsx
0.0076388888888888895,1,1,property-backed but not confidently classified as a material,Таблица на 1 кв.м ЛКМ основная.xlsx
0.007758620689655174,1,6,property-backed but not confidently classified as a material,Таблица на 1 кв.м ЛКМ основная.xlsx
0.007894736842105263,1,2,property-backed but not confidently classified as a material,Таблица на 1 кв.м ЛКМ основная.xlsx
0.007905405405405406,1,1,property-backed but not confidently classified as a material,Таблица на 1 кв.м ЛКМ основная.xlsx
0.007936507936507936,1,6,property-backed but not confidently classified as a material,Таблица на 1 кв.м ЛКМ основная.xlsx
0.008035714285714287,1,1,property-backed but not confidently classified as a material,Таблица на 1 кв.м ЛКМ основная.xlsx
0.008059701492537314,1,2,property-backed but not confidently classified as a material,Таблица на 1 кв.м ЛКМ основная.xlsx
0.008181818181818182,1,3,property-backed but not confidently classified as a material,Таблица на 1 кв.м ЛКМ основная.xlsx
0.008333333333333333,1,2,property-backed but not confidently classified as a material,Таблица на 1 кв.м ЛКМ основная.xlsx
0.008437500000000002,1,1,property-backed but not confidently classified as a material,Таблица на 1 кв.м ЛКМ основная.xlsx
0.008513513513513515,1,3,property-backed but not confidently classified as a material,Таблица на 1 кв.м ЛКМ основная.xlsx
0.008571428571428572,1,7,property-backed but not confidently classified as a material,Таблица на 1 кв.м ЛКМ основная.xlsx
0.008620689655172415,1,6,property-backed but not confidently classified as a material,Таблица на 1 кв.м ЛКМ основная.xlsx
0.008674698795180723,1,1,property-backed but not confidently classified as a material,Таблица на 1 кв.м ЛКМ основная.xlsx
0.008687258687258689,1,2,property-backed but not confidently classified as a material,Таблица на 1 кв.м ЛКМ основная.xlsx
0.008783783783783784,1,1,property-backed but not confidently classified as a material,Таблица на 1 кв.м ЛКМ основная.xlsx
0.008823529411764706,1,1,property-backed but not confidently classified as a material,Таблица на 1 кв.м ЛКМ основная.xlsx
0.008823529411764707,1,1,property-backed but not confidently classified as a material,Таблица на 1 кв.м ЛКМ основная.xlsx
0.00887323943661972,1,1,property-backed but not confidently classified as a material,Таблица на 1 кв.м ЛКМ основная.xlsx
0.00892857142857143,1,1,property-backed but not confidently classified as a material,Таблица на 1 кв.м ЛКМ основная.xlsx
0.008955223880597015,1,2,property-backed but not confidently classified as a material,Таблица на 1 кв.м ЛКМ основная.xlsx
0.009090909090909092,1,3,property-backed but not confidently classified as a material,Таблица на 1 кв.м ЛКМ основная.xlsx
0.009310344827586208,1,2,property-backed but not confidently classified as a material,Таблица на 1 кв.м ЛКМ основная.xlsx
0.009375000000000001,1,1,property-backed but not confidently classified as a material,Таблица на 1 кв.м ЛКМ основная.xlsx
0.00945945945945946,1,3,property-backed but not confidently classified as a material,Таблица на 1 кв.м ЛКМ основная.xlsx
0.009473684210526316,1,2,property-backed but not confidently classified as a material,Таблица на 1 кв.м ЛКМ основная.xlsx
0.009523809523809525,1,7,property-backed but not confidently classified as a material,Таблица на 1 кв.м ЛКМ основная.xlsx
0.009605911330049262,1,1,property-backed but not confidently classified as a material,Таблица на 1 кв.м ЛКМ основная.xlsx
0.00963855421686747,1,1,property-backed but not confidently classified as a material,Таблица на 1 кв.м ЛКМ основная.xlsx
0.009642857142857144,1,1,property-backed but not confidently classified as a material,Таблица на 1 кв.м ЛКМ основная.xlsx
0.009652509652509654,1,2,property-backed but not confidently classified as a material,Таблица на 1 кв.м ЛКМ основная.xlsx
0.009859154929577466,1,1,property-backed but not confidently classified as a material,Таблица на 1 кв.м ЛКМ основная.xlsx
0.010074626865671643,1,1,property-backed but not confidently classified as a material,Таблица на 1 кв.м ЛКМ основная.xlsx
0.010344827586206898,1,3,property-backed but not confidently classified as a material,Таблица на 1 кв.м ЛКМ основная.xlsx
0.010526315789473684,1,2,property-backed but not confidently classified as a material,Таблица на 1 кв.м ЛКМ основная.xlsx
0.010588235294117648,1,1,property-backed but not confidently classified as a material,Таблица на 1 кв.м ЛКМ основная.xlsx
0.010714285714285714,1,1,property-backed but not confidently classified as a material,Таблица на 1 кв.м ЛКМ основная.xlsx
0.010746268656716419,1,2,property-backed but not confidently classified as a material,Таблица на 1 кв.м ЛКМ основная.xlsx
0.010958904109589041,1,1,property-backed but not confidently classified as a material,Таблица на 1 кв.м ЛКМ основная.xlsx
0.011095890410958906,1,1,property-backed but not confidently classified as a material,Таблица на 1 кв.м ЛКМ основная.xlsx
0.01119402985074627,1,1,property-backed but not confidently classified as a material,Таблица на 1 кв.м ЛКМ основная.xlsx
0.011464968152866243,1,2,property-backed but not confidently classified as a material,Таблица на 1 кв.м ЛКМ основная.xlsx
0.011513859275053303,1,1,property-backed but not confidently classified as a material,Таблица на 1 кв.м ЛКМ основная.xlsx
0.011637931034482761,1,2,property-backed but not confidently classified as a material,Таблица на 1 кв.м ЛКМ основная.xlsx
0.011764705882352941,1,1,property-backed but not confidently classified as a material,Таблица на 1 кв.м ЛКМ основная.xlsx
0.011940298507462687,1,2,property-backed but not confidently classified as a material,Таблица на 1 кв.м ЛКМ основная.xlsx
0.012162162162162163,1,1,property-backed but not confidently classified as a material,Таблица на 1 кв.м ЛКМ основная.xlsx
0.012328767123287673,1,1,property-backed but not confidently classified as a material,Таблица на 1 кв.м ЛКМ основная.xlsx
0.012413793103448277,1,1,property-backed but not confidently classified as a material,Таблица на 1 кв.м ЛКМ основная.xlsx
0.012558139534883722,1,1,property-backed but not confidently classified as a material,Таблица на 1 кв.м ЛКМ основная.xlsx
0.01265625,1,1,property-backed but not confidently classified as a material,Таблица на 1 кв.м ЛКМ основная.xlsx
0.012738853503184714,1,2,property-backed but not confidently classified as a material,Таблица на 1 кв.м ЛКМ основная.xlsx
0.012793176972281448,1,1,property-backed but not confidently classified as a material,Таблица на 1 кв.м ЛКМ основная.xlsx
0.012931034482758622,1,2,property-backed but not confidently classified as a material,Таблица на 1 кв.м ЛКМ основная.xlsx
0.013300492610837442,1,2,property-backed but not confidently classified as a material,Таблица на 1 кв.м ЛКМ основная.xlsx
0.013392857142857144,1,2,property-backed but not confidently classified as a material,Таблица на 1 кв.м ЛКМ основная.xlsx
0.013513513513513514,1,1,property-backed but not confidently classified as a material,Таблица на 1 кв.м ЛКМ основная.xlsx
0.013561643835616439,1,2,property-backed but not confidently classified as a material,Таблица на 1 кв.м ЛКМ основная.xlsx
0.013953488372093023,1,1,property-backed but not confidently classified as a material,Таблица на 1 кв.м ЛКМ основная.xlsx
0.0140625,1,1,property-backed but not confidently classified as a material,Таблица на 1 кв.м ЛКМ основная.xlsx
0.014594594594594596,1,1,property-backed but not confidently classified as a material,Таблица на 1 кв.м ЛКМ основная.xlsx
0.014778325123152712,1,2,property-backed but not confidently classified as a material,Таблица на 1 кв.м ЛКМ основная.xlsx
0.014823529411764708,1,1,property-backed but not confidently classified as a material,Таблица на 1 кв.м ЛКМ основная.xlsx
0.014880952380952382,1,2,property-backed but not confidently classified as a material,Таблица на 1 кв.м ЛКМ основная.xlsx
0.015,1,4,property-backed but not confidently classified as a material,Таблица на 1 кв.м ЛКМ основная.xlsx
0.015068493150684932,1,2,property-backed but not confidently classified as a material,Таблица на 1 кв.м ЛКМ основная.xlsx
0.015126050420168067,1,1,property-backed but not confidently classified as a material,Таблица на 1 кв.м ЛКМ основная.xlsx
0.015637065637065642,1,2,property-backed but not confidently classified as a material,Таблица на 1 кв.м ЛКМ основная.xlsx
0.016216216216216217,1,1,property-backed but not confidently classified as a material,Таблица на 1 кв.м ЛКМ основная.xlsx
0.01647058823529412,1,1,property-backed but not confidently classified as a material,Таблица на 1 кв.м ЛКМ основная.xlsx
0.016666666666666666,1,4,property-backed but not confidently classified as a material,Таблица на 1 кв.м ЛКМ основная.xlsx
0.01702702702702703,1,1,property-backed but not confidently classified as a material,Таблица на 1 кв.м ЛКМ основная.xlsx
0.017374517374517378,1,2,property-backed but not confidently classified as a material,Таблица на 1 кв.м ЛКМ основная.xlsx
0.017500000000000005,1,1,property-backed but not confidently classified as a material,Таблица на 1 кв.м ЛКМ основная.xlsx
0.01891891891891892,1,1,property-backed but not confidently classified as a material,Таблица на 1 кв.м ЛКМ основная.xlsx
0.019444444444444448,1,1,property-backed but not confidently classified as a material,Таблица на 1 кв.м ЛКМ основная.xlsx
0.021176470588235293,1,1,property-backed but not confidently classified as a material,Таблица на 1 кв.м ЛКМ основная.xlsx
0.02168674698795181,1,1,property-backed but not confidently classified as a material,Таблица на 1 кв.м ЛКМ основная.xlsx
0.021891891891891894,1,1,property-backed but not confidently classified as a material,Таблица на 1 кв.м ЛКМ основная.xlsx
0.0226890756302521,1,1,property-backed but not confidently classified as a material,Таблица на 1 кв.м ЛКМ основная.xlsx
0.023529411764705882,1,1,property-backed but not confidently classified as a material,Таблица на 1 кв.м ЛКМ основная.xlsx
0.024324324324324326,1,1,property-backed but not confidently classified as a material,Таблица на 1 кв.м ЛКМ основная.xlsx
0.024657534246575345,1,1,property-backed but not confidently classified as a material,Таблица на 1 кв.м ЛКМ основная.xlsx
0.02702702702702703,1,1,property-backed but not confidently classified as a material,Таблица на 1 кв.м ЛКМ основная.xlsx
0.030361445783132535,1,1,property-backed but not confidently classified as a material,Таблица на 1 кв.м ЛКМ основная.xlsx
0.03375000000000001,1,1,property-backed but not confidently classified as a material,Таблица на 1 кв.м ЛКМ основная.xlsx
0.03649315068493151,1,1,property-backed but not confidently classified as a material,Таблица на 1 кв.м ЛКМ основная.xlsx
0.037500000000000006,1,1,property-backed but not confidently classified as a material,Таблица на 1 кв.м ЛКМ основная.xlsx
0.03921568627450982,1,2,property-backed but not confidently classified as a material,Таблица на 1 кв.м ЛКМ основная.xlsx
0.04054054054054054,1,1,property-backed but not confidently classified as a material,Таблица на 1 кв.м ЛКМ основная.xlsx
0.04285714285714286,1,2,property-backed but not confidently classified as a material,Таблица на 1 кв.м ЛКМ основная.xlsx
0.04736842105263158,1,1,property-backed but not confidently classified as a material,Таблица на 1 кв.м ЛКМ основная.xlsx
0.05,1,204,property-backed but not confidently classified as a material,Системы 1.xls
0.05142857142857143,1,4,property-backed but not confidently classified as a material,Таблица на 1 кв.м ЛКМ основная.xlsx
0.05263157894736842,1,1,property-backed but not confidently classified as a material,Таблица на 1 кв.м ЛКМ основная.xlsx
0.054878048780487805,1,1,property-backed but not confidently classified as a material,Таблица на 1 кв.м ЛКМ основная.xlsx
0.06,1,2,property-backed but not confidently classified as a material,Таблица на 1 кв.м ЛКМ основная.xlsx
0.06097560975609756,1,1,property-backed but not confidently classified as a material,Таблица на 1 кв.м ЛКМ основная.xlsx
0.07058823529411765,1,1,property-backed but not confidently classified as a material,Таблица на 1 кв.м ЛКМ основная.xlsx
0.07936507936507936,1,8,property-backed but not confidently classified as a material,Таблица на 1 кв.м ЛКМ основная.xlsx
0.08333333333333333,1,3,property-backed but not confidently classified as a material,Таблица на 1 кв.м ЛКМ основная.xlsx
0.0847457627118644,1,2,property-backed but not confidently classified as a material,Таблица на 1 кв.м ЛКМ основная.xlsx
0.08571428571428572,1,2,property-backed but not confidently classified as a material,Таблица на 1 кв.м ЛКМ основная.xlsx
0.08620689655172414,1,19,property-backed but not confidently classified as a material,Таблица на 1 кв.м ЛКМ основная.xlsx
0.08823529411764706,1,1,property-backed but not confidently classified as a material,Таблица на 1 кв.м ЛКМ основная.xlsx
0.08955223880597014,1,2,property-backed but not confidently classified as a material,Таблица на 1 кв.м ЛКМ основная.xlsx
0.09090909090909091,1,2,property-backed but not confidently classified as a material,Таблица на 1 кв.м ЛКМ основная.xlsx
0.09230769230769231,1,11,property-backed but not confidently classified as a material,Таблица на 1 кв.м ЛКМ основная.xlsx
0.09375,1,4,property-backed but not confidently classified as a material,Таблица на 1 кв.м ЛКМ основная.xlsx
0.09428571428571428,1,2,property-backed but not confidently classified as a material,Таблица на 1 кв.м ЛКМ основная.xlsx
0.09523809523809523,1,25,property-backed but not confidently classified as a material,Таблица на 1 кв.м ЛКМ основная.xlsx
0.0963855421686747,1,1,property-backed but not confidently classified as a material,Таблица на 1 кв.м ЛКМ основная.xlsx
0.09811764705882352,1,2,property-backed but not confidently classified as a material,Таблица на 1 кв.м ЛКМ основная.xlsx
0.09999999999999999,1,2,property-backed but not confidently classified as a material,Таблица на 1 кв.м ЛКМ основная.xlsx
0.1,1,2,property-backed but not confidently classified as a material,Таблица на 1 кв.м ЛКМ основная.xlsx
0.10285714285714286,1,4,property-backed but not confidently classified as a material,Таблица на 1 кв.м ЛКМ основная.xlsx
0.10344827586206898,1,30,property-backed but not confidently classified as a material,Таблица на 1 кв.м ЛКМ основная.xlsx
0.10588235294117647,1,2,property-backed but not confidently classified as a material,Таблица на 1 кв.м ЛКМ основная.xlsx
0.10714285714285714,1,2,property-backed but not confidently classified as a material,Таблица на 1 кв.м ЛКМ основная.xlsx
0.10900900900900902,1,1,property-backed but not confidently classified as a material,Таблица на 1 кв.м ЛКМ основная.xlsx
0.1095890410958904,1,11,property-backed but not confidently classified as a material,Таблица на 1 кв.м ЛКМ основная.xlsx
0.11111111111111109,1,8,property-backed but not confidently classified as a material,Таблица на 1 кв.м ЛКМ основная.xlsx
0.1111111111111111,1,8,property-backed but not confidently classified as a material,Таблица на 1 кв.м ЛКМ основная.xlsx
0.11194029850746269,1,1,property-backed but not confidently classified as a material,Таблица на 1 кв.м ЛКМ основная.xlsx
0.1120689655172414,1,19,property-backed but not confidently classified as a material,Таблица на 1 кв.м ЛКМ основная.xlsx
0.11764705882352941,1,1,property-backed but not confidently classified as a material,Таблица на 1 кв.м ЛКМ основная.xlsx
0.11914285714285715,1,2,property-backed but not confidently classified as a material,Таблица на 1 кв.м ЛКМ основная.xlsx
0.11914285714285716,1,2,property-backed but not confidently classified as a material,Таблица на 1 кв.м ЛКМ основная.xlsx
0.11940298507462686,1,2,property-backed but not confidently classified as a material,Таблица на 1 кв.м ЛКМ основная.xlsx
0.1208695652173913,1,2,property-backed but not confidently classified as a material,Таблица на 1 кв.м ЛКМ основная.xlsx
0.12328767123287672,1,2,property-backed but not confidently classified as a material,Таблица на 1 кв.м ЛКМ основная.xlsx
0.12413793103448277,1,1,property-backed but not confidently classified as a material,Таблица на 1 кв.м ЛКМ основная.xlsx
0.12793176972281448,1,1,property-backed but not confidently classified as a material,Таблица на 1 кв.м ЛКМ основная.xlsx
0.12857142000000002,1,2,property-backed but not confidently classified as a material,Таблица на 1 кв.м ЛКМ основная.xlsx
0.12857142857142856,1,1,property-backed but not confidently classified as a material,Таблица на 1 кв.м ЛКМ основная.xlsx
0.1288135593220339,1,2,property-backed but not confidently classified as a material,Таблица на 1 кв.м ЛКМ основная.xlsx
0.12931034482758622,1,2,property-backed but not confidently classified as a material,Таблица на 1 кв.м ЛКМ основная.xlsx
0.13124999999999998,1,3,property-backed but not confidently classified as a material,Таблица на 1 кв.м ЛКМ основная.xlsx
0.13292307692307692,1,11,property-backed but not confidently classified as a material,Таблица на 1 кв.м ЛКМ основная.xlsx
0.1333333333333333,1,23,property-backed but not confidently classified as a material,Таблица на 1 кв.м ЛКМ основная.xlsx
0.13448275862068967,1,25,property-backed but not confidently classified as a material,Таблица на 1 кв.м ЛКМ основная.xlsx
0.13493975903614458,1,2,property-backed but not confidently classified as a material,Таблица на 1 кв.м ЛКМ основная.xlsx
0.13513513513513514,1,1,property-backed but not confidently classified as a material,Таблица на 1 кв.м ЛКМ основная.xlsx
0.1360544217687075,1,3,property-backed but not confidently classified as a material,Таблица на 1 кв.м ЛКМ основная.xlsx
0.136986301369863,1,1,property-backed but not confidently classified as a material,Таблица на 1 кв.м ЛКМ основная.xlsx
0.13714285714285712,1,2,property-backed but not confidently classified as a material,Таблица на 1 кв.м ЛКМ основная.xlsx
0.139,1,2,property-backed but not confidently classified as a material,Таблица на 1 кв.м ЛКМ основная.xlsx
0.13953488372093023,1,1,property-backed but not confidently classified as a material,Таблица на 1 кв.м ЛКМ основная.xlsx
0.13965517241379313,1,1,property-backed but not confidently classified as a material,Таблица на 1 кв.м ЛКМ основная.xlsx
0.14464285714285716,1,1,property-backed but not confidently classified as a material,Таблица на 1 кв.м ЛКМ основная.xlsx
0.14545454545454545,1,2,property-backed but not confidently classified as a material,Таблица на 1 кв.м ЛКМ основная.xlsx
0.14545454545454548,1,1,property-backed but not confidently classified as a material,Таблица на 1 кв.м ЛКМ основная.xlsx
0.1457142857142857,1,2,property-backed but not confidently classified as a material,Таблица на 1 кв.м ЛКМ основная.xlsx
0.1477832512315271,1,2,property-backed but not confidently classified as a material,Таблица на 1 кв.м ЛКМ основная.xlsx
0.15,1,2,property-backed but not confidently classified as a material,Таблица на 1 кв.м ЛКМ основная.xlsx
0.15000000000000002,1,1,property-backed but not confidently classified as a material,Таблица на 1 кв.м ЛКМ основная.xlsx
0.1506849315068493,1,4,property-backed but not confidently classified as a material,Таблица на 1 кв.м ЛКМ основная.xlsx
0.1523809523809524,1,1,property-backed but not confidently classified as a material,Таблица на 1 кв.м ЛКМ основная.xlsx
0.1527777777777778,1,2,property-backed but not confidently classified as a material,Таблица на 1 кв.м ЛКМ основная.xlsx
0.15342465753424656,1,15,property-backed but not confidently classified as a material,Системы 3.xlsx | Таблица на 1 кв.м ЛКМ основная.xlsx
0.15555555555555553,1,7,property-backed but not confidently classified as a material,Таблица на 1 кв.м ЛКМ основная.xlsx
0.15789473684210525,1,2,property-backed but not confidently classified as a material,Таблица на 1 кв.м ЛКМ основная.xlsx
0.15873015873015872,1,3,property-backed but not confidently classified as a material,Таблица на 1 кв.м ЛКМ основная.xlsx
0.16216216216216217,1,15,property-backed but not confidently classified as a material,Системы 3.xlsx | Таблица на 1 кв.м ЛКМ основная.xlsx
0.16351351351351354,1,1,property-backed but not confidently classified as a material,Таблица на 1 кв.м ЛКМ основная.xlsx
0.1643835616438356,1,6,property-backed but not confidently classified as a material,Таблица на 1 кв.м ЛКМ основная.xlsx
0.16470588235294117,1,2,property-backed but not confidently classified as a material,Таблица на 1 кв.м ЛКМ основная.xlsx
0.16666666666666666,1,10,property-backed but not confidently classified as a material,Таблица на 1 кв.м ЛКМ основная.xlsx
0.16891891891891891,1,1,property-backed but not confidently classified as a material,Таблица на 1 кв.м ЛКМ основная.xlsx
0.17123287671232876,1,2,property-backed but not confidently classified as a material,Таблица на 1 кв.м ЛКМ основная.xlsx
0.17142857142857143,1,2,property-backed but not confidently classified as a material,Таблица на 1 кв.м ЛКМ основная.xlsx
0.17241379310344832,1,1,property-backed but not confidently classified as a material,Таблица на 1 кв.м ЛКМ основная.xlsx
0.1726027397260274,1,2,property-backed but not confidently classified as a material,Таблица на 1 кв.м ЛКМ основная.xlsx
0.175,1,2,property-backed but not confidently classified as a material,Таблица на 1 кв.м ЛКМ основная.xlsx
0.17567567567567569,1,1,property-backed but not confidently classified as a material,Таблица на 1 кв.м ЛКМ основная.xlsx
0.1764705882352941,1,1,property-backed but not confidently classified as a material,Таблица на 1 кв.м ЛКМ основная.xlsx
0.17857142857142858,1,1,property-backed but not confidently classified as a material,Таблица на 1 кв.м ЛКМ основная.xlsx
0.1794871794871795,1,1,property-backed but not confidently classified as a material,Таблица на 1 кв.м ЛКМ основная.xlsx
0.18,1,2,property-backed but not confidently classified as a material,Таблица на 1 кв.м ЛКМ основная.xlsx
0.1813953488372093,1,1,property-backed but not confidently classified as a material,Таблица на 1 кв.м ЛКМ основная.xlsx
0.18181818181818182,1,2,property-backed but not confidently classified as a material,Таблица на 1 кв.м ЛКМ основная.xlsx
0.18518518518518517,1,1,property-backed but not confidently classified as a material,Таблица на 1 кв.м ЛКМ основная.xlsx
0.1875,1,1,property-backed but not confidently classified as a material,Таблица на 1 кв.м ЛКМ основная.xlsx
0.18857142857142856,1,2,property-backed but not confidently classified as a material,Таблица на 1 кв.м ЛКМ основная.xlsx
0.1891891891891892,1,7,property-backed but not confidently classified as a material,Таблица на 1 кв.м ЛКМ основная.xlsx
0.19047619047619047,1,1,property-backed but not confidently classified as a material,Таблица на 1 кв.м ЛКМ основная.xlsx
0.1904761904761905,1,3,property-backed but not confidently classified as a material,Таблица на 1 кв.м ЛКМ основная.xlsx
0.1917808219178082,1,2,property-backed but not confidently classified as a material,Таблица на 1 кв.м ЛКМ основная.xlsx
0.19211822660098524,1,1,property-backed but not confidently classified as a material,Таблица на 1 кв.м ЛКМ основная.xlsx
0.19305019305019305,1,2,property-backed but not confidently classified as a material,Таблица на 1 кв.м ЛКМ основная.xlsx
0.19444444444444448,1,2,property-backed but not confidently classified as a material,Таблица на 1 кв.м ЛКМ основная.xlsx
0.195,1,2,property-backed but not confidently classified as a material,Таблица на 1 кв.м ЛКМ основная.xlsx
0.19718309859154928,1,2,property-backed but not confidently classified as a material,Таблица на 1 кв.м ЛКМ основная.xlsx
0.1985714285714286,1,4,property-backed but not confidently classified as a material,Таблица на 1 кв.м ЛКМ основная.xlsx
0.1995073891625616,1,1,property-backed but not confidently classified as a material,Таблица на 1 кв.м ЛКМ основная.xlsx
0.20270270270270274,1,2,property-backed but not confidently classified as a material,Таблица на 1 кв.м ЛКМ основная.xlsx
0.20405405405405408,1,1,property-backed but not confidently classified as a material,Таблица на 1 кв.м ЛКМ основная.xlsx
0.2059701492537313,1,2,property-backed but not confidently classified as a material,Таблица на 1 кв.м ЛКМ основная.xlsx
0.20634920634920634,1,2,property-backed but not confidently classified as a material,Таблица на 1 кв.м ЛКМ основная.xlsx
0.21052631578947367,1,2,property-backed but not confidently classified as a material,Таблица на 1 кв.м ЛКМ основная.xlsx
0.210958904109589,1,5,property-backed but not confidently classified as a material,Системы 3.xlsx | Таблица на 1 кв.м ЛКМ основная.xlsx
0.2138888888888889,1,2,property-backed but not confidently classified as a material,Таблица на 1 кв.м ЛКМ основная.xlsx
0.21621621621621623,1,1,property-backed but not confidently classified as a material,Таблица на 1 кв.м ЛКМ основная.xlsx
0.2168674698795181,1,1,property-backed but not confidently classified as a material,Таблица на 1 кв.м ЛКМ основная.xlsx
0.2191780821917808,1,2,property-backed but not confidently classified as a material,Таблица на 1 кв.м ЛКМ основная.xlsx
0.22272727272727275,1,1,property-backed but not confidently classified as a material,Таблица на 1 кв.м ЛКМ основная.xlsx
0.22333333333333333,1,6,property-backed but not confidently classified as a material,Таблица на 1 кв.м ЛКМ основная.xlsx
0.22413793103448282,1,1,property-backed but not confidently classified as a material,Таблица на 1 кв.м ЛКМ основная.xlsx
0.2254054054054054,1,2,property-backed but not confidently classified as a material,Таблица на 1 кв.м ЛКМ основная.xlsx
0.22972972972972974,1,1,property-backed but not confidently classified as a material,Таблица на 1 кв.м ЛКМ основная.xlsx
0.23013698630136983,1,6,property-backed but not confidently classified as a material,Таблица на 1 кв.м ЛКМ основная.xlsx
0.23483365949119372,1,1,property-backed but not confidently classified as a material,Таблица на 1 кв.м ЛКМ основная.xlsx
0.23529411764705882,1,2,property-backed but not confidently classified as a material,Таблица на 1 кв.м ЛКМ основная.xlsx
0.23684210526315788,1,2,property-backed but not confidently classified as a material,Таблица на 1 кв.м ЛКМ основная.xlsx
0.23947364,1,2,property-backed but not confidently classified as a material,Таблица на 1 кв.м ЛКМ основная.xlsx
0.23949044585987259,1,2,property-backed but not confidently classified as a material,Таблица на 1 кв.м ЛКМ основная.xlsx
0.24166666666666664,1,6,property-backed but not confidently classified as a material,Системы 3.xlsx | Таблица на 1 кв.м ЛКМ основная.xlsx
0.24324324324324326,1,2,property-backed but not confidently classified as a material,Таблица на 1 кв.м ЛКМ основная.xlsx
0.24657534246575344,1,1,property-backed but not confidently classified as a material,Таблица на 1 кв.м ЛКМ основная.xlsx
0.24705882352941178,1,3,property-backed but not confidently classified as a material,Системы 3.xlsx | Таблица на 1 кв.м ЛКМ основная.xlsx
0.2492063492063492,1,1,property-backed but not confidently classified as a material,Таблица на 1 кв.м ЛКМ основная.xlsx
0.25,1,3,property-backed but not confidently classified as a material,Таблица на 1 кв.м ЛКМ основная.xlsx
0.2533783783783784,1,1,property-backed but not confidently classified as a material,Таблица на 1 кв.м ЛКМ основная.xlsx
0.25477707006369427,1,2,property-backed but not confidently classified as a material,Таблица на 1 кв.м ЛКМ основная.xlsx
0.2594594594594595,1,10,property-backed but not confidently classified as a material,Таблица на 1 кв.м ЛКМ основная.xlsx
0.2605555555555556,1,1,property-backed but not confidently classified as a material,Таблица на 1 кв.м ЛКМ основная.xlsx
0.26249999999999996,1,1,property-backed but not confidently classified as a material,Таблица на 1 кв.м ЛКМ основная.xlsx
0.26384615384615384,1,1,property-backed but not confidently classified as a material,Таблица на 1 кв.м ЛКМ основная.xlsx
0.2666666666666666,1,1,property-backed but not confidently classified as a material,Таблица на 1 кв.м ЛКМ основная.xlsx
0.26849315068493146,1,2,property-backed but not confidently classified as a material,Системы 3.xlsx | Таблица на 1 кв.м ЛКМ основная.xlsx
0.27027027027027023,1,2,property-backed but not confidently classified as a material,Таблица на 1 кв.м ЛКМ основная.xlsx
0.2727272727272727,1,1,property-backed but not confidently classified as a material,Таблица на 1 кв.м ЛКМ основная.xlsx
0.273972602739726,1,2,property-backed but not confidently classified as a material,Таблица на 1 кв.м ЛКМ основная.xlsx
0.2742537313432836,1,1,property-backed but not confidently classified as a material,Таблица на 1 кв.м ЛКМ основная.xlsx
0.27999999999999997,1,1,property-backed but not confidently classified as a material,Таблица на 1 кв.м ЛКМ основная.xlsx
0.28,1,1,property-backed but not confidently classified as a material,Системы 2.XLSX
0.2810810810810811,1,1,property-backed but not confidently classified as a material,Таблица на 1 кв.м ЛКМ основная.xlsx
0.28125,1,1,property-backed but not confidently classified as a material,Таблица на 1 кв.м ЛКМ основная.xlsx
0.28378378378378377,1,3,property-backed but not confidently classified as a material,Таблица на 1 кв.м ЛКМ основная.xlsx
0.28421052631578947,1,2,property-backed but not confidently classified as a material,Таблица на 1 кв.м ЛКМ основная.xlsx
0.29253731343283584,1,2,property-backed but not confidently classified as a material,Таблица на 1 кв.м ЛКМ основная.xlsx
0.2976190476190476,1,2,property-backed but not confidently classified as a material,Таблица на 1 кв.м ЛКМ основная.xlsx
0.29971830985915493,1,1,property-backed but not confidently classified as a material,Таблица на 1 кв.м ЛКМ основная.xlsx
0.3,1,1,property-backed but not confidently classified as a material,Системы 3.xlsx
0.30000000000000004,1,1,property-backed but not confidently classified as a material,Таблица на 1 кв.м ЛКМ основная.xlsx
0.3025210084033613,1,1,property-backed but not confidently classified as a material,Таблица на 1 кв.м ЛКМ основная.xlsx
0.3027027027027027,1,4,property-backed but not confidently classified as a material,Таблица на 1 кв.м ЛКМ основная.xlsx
0.30361445783132535,1,1,property-backed but not confidently classified as a material,Таблица на 1 кв.м ЛКМ основная.xlsx
0.3040540540540541,1,2,property-backed but not confidently classified as a material,Таблица на 1 кв.м ЛКМ основная.xlsx
0.3068493150684931,1,1,property-backed but not confidently classified as a material,Системы 3.xlsx
0.3082942097026604,1,1,property-backed but not confidently classified as a material,Таблица на 1 кв.м ЛКМ основная.xlsx
0.3088235294117647,1,1,property-backed but not confidently classified as a material,Системы 3.xlsx
0.30888030888030893,1,2,property-backed but not confidently classified as a material,Таблица на 1 кв.м ЛКМ основная.xlsx
0.31111111111111117,1,1,property-backed but not confidently classified as a material,Таблица на 1 кв.м ЛКМ основная.xlsx
0.3134328358208955,1,1,property-backed but not confidently classified as a material,Таблица на 1 кв.м ЛКМ основная.xlsx
0.31347962382445144,1,1,property-backed but not confidently classified as a material,Таблица на 1 кв.м ЛКМ основная.xlsx
0.3157894736842105,1,1,property-backed but not confidently classified as a material,Таблица на 1 кв.м ЛКМ основная.xlsx
0.32679738562091504,1,1,property-backed but not confidently classified as a material,Таблица на 1 кв.м ЛКМ основная.xlsx
0.3287671232876712,1,1,property-backed but not confidently classified as a material,Таблица на 1 кв.м ЛКМ основная.xlsx
0.3345454545454545,1,2,property-backed but not confidently classified as a material,Таблица на 1 кв.м ЛКМ основная.xlsx
0.33749999999999997,1,1,property-backed but not confidently classified as a material,Таблица на 1 кв.м ЛКМ основная.xlsx
0.34054054054054056,1,1,property-backed but not confidently classified as a material,Таблица на 1 кв.м ЛКМ основная.xlsx
0.34520547945205476,1,1,property-backed but not confidently classified as a material,Системы 3.xlsx
0.3474903474903475,1,2,property-backed but not confidently classified as a material,Таблица на 1 кв.м ЛКМ основная.xlsx
0.3506849315068493,1,1,property-backed but not confidently classified as a material,Таблица на 1 кв.м ЛКМ основная.xlsx
0.3529411764705882,1,1,property-backed but not confidently classified as a material,Таблица на 1 кв.м ЛКМ основная.xlsx
0.36487499999999995,1,1,property-backed but not confidently classified as a material,Таблица на 1 кв.м ЛКМ основная.xlsx
0.3649315068493151,1,1,property-backed but not confidently classified as a material,Таблица на 1 кв.м ЛКМ основная.xlsx
0.3675675675675676,1,1,property-backed but not confidently classified as a material,Таблица на 1 кв.м ЛКМ основная.xlsx
0.375,1,4,property-backed but not confidently classified as a material,Таблица на 1 кв.м ЛКМ основная.xlsx
0.3783783783783784,1,1,property-backed but not confidently classified as a material,Таблица на 1 кв.м ЛКМ основная.xlsx
0.3857142857142857,1,2,property-backed but not confidently classified as a material,Таблица на 1 кв.м ЛКМ основная.xlsx
0.39714285714285713,1,1,property-backed but not confidently classified as a material,Таблица на 1 кв.м ЛКМ основная.xlsx
0.4054054054054054,1,2,property-backed but not confidently classified as a material,Таблица на 1 кв.м ЛКМ основная.xlsx
0.40909090909090906,1,1,property-backed but not confidently classified as a material,Таблица на 1 кв.м ЛКМ основная.xlsx
0.41666666666666663,1,2,property-backed but not confidently classified as a material,Таблица на 1 кв.м ЛКМ основная.xlsx
0.4235294117647059,1,1,property-backed but not confidently classified as a material,Системы 3.xlsx
0.4285714285714286,1,2,property-backed but not confidently classified as a material,Таблица на 1 кв.м ЛКМ основная.xlsx
0.45378151260504196,1,1,property-backed but not confidently classified as a material,Таблица на 1 кв.м ЛКМ основная.xlsx
0.4727272727272728,1,2,property-backed but not confidently classified as a material,Таблица на 1 кв.м ЛКМ основная.xlsx
0.47368421052631576,1,1,property-backed but not confidently classified as a material,Таблица на 1 кв.м ЛКМ основная.xlsx
0.48,1,1,property-backed but not confidently classified as a material,Таблица на 1 кв.м ЛКМ основная.xlsx
0.51,1,2,property-backed but not confidently classified as a material,Таблица на 1 кв.м ЛКМ основная.xlsx
0.5163398692810458,1,1,property-backed but not confidently classified as a material,Таблица на 1 кв.м ЛКМ основная.xlsx
0.5172413793103449,1,1,property-backed but not confidently classified as a material,Таблица на 1 кв.м ЛКМ основная.xlsx
0.52125,1,1,property-backed but not confidently classified as a material,Таблица на 1 кв.м ЛКМ основная.xlsx
0.5228758169934642,1,2,property-backed but not confidently classified as a material,Таблица на 1 кв.м ЛКМ основная.xlsx
0.5263157894736842,1,1,property-backed but not confidently classified as a material,Таблица на 1 кв.м ЛКМ основная.xlsx
0.5357142857142857,1,1,property-backed but not confidently classified as a material,Таблица на 1 кв.м ЛКМ основная.xlsx
0.5559845559845561,1,2,property-backed but not confidently classified as a material,Таблица на 1 кв.м ЛКМ основная.xlsx
0.5673469387755102,1,1,property-backed but not confidently classified as a material,Таблица на 1 кв.м ЛКМ основная.xlsx
0.57,1,2,property-backed but not confidently classified as a material,Таблица на 1 кв.м ЛКМ основная.xlsx
0.6052631578947367,1,1,property-backed but not confidently classified as a material,Таблица на 1 кв.м ЛКМ основная.xlsx
0.6054054054054054,1,1,property-backed but not confidently classified as a material,Таблица на 1 кв.м ЛКМ основная.xlsx
0.6097560975609756,1,1,property-backed but not confidently classified as a material,Таблица на 1 кв.м ЛКМ основная.xlsx
0.624,1,1,property-backed but not confidently classified as a material,Таблица на 1 кв.м ЛКМ основная.xlsx
0.64,1,2,property-backed but not confidently classified as a material,Таблица на 1 кв.м ЛКМ основная.xlsx
0.6486666666666667,1,1,property-backed but not confidently classified as a material,Таблица на 1 кв.м ЛКМ основная.xlsx
0.6666666666666666,1,1,property-backed but not confidently classified as a material,Таблица на 1 кв.м ЛКМ основная.xlsx
0.7,1,1,property-backed but not confidently classified as a material,Таблица на 1 кв.м ЛКМ основная.xlsx
0.7161125319693095,1,1,property-backed but not confidently classified as a material,Таблица на 1 кв.м ЛКМ основная.xlsx
0.75,1,4,property-backed but not confidently classified as a material,Таблица на 1 кв.м ЛКМ основная.xlsx
0.78,1,4,property-backed but not confidently classified as a material,Таблица на 1 кв.м ЛКМ основная.xlsx
0.7843137254901963,1,2,property-backed but not confidently classified as a material,Таблица на 1 кв.м ЛКМ основная.xlsx
0.84,1,2,property-backed but not confidently classified as a material,Таблица на 1 кв.м ЛКМ основная.xlsx
0.8571428571428571,1,2,property-backed but not confidently classified as a material,Таблица на 1 кв.м ЛКМ основная.xlsx
0.882,1,1,property-backed but not confidently classified as a material,Системы 4.xlsx
0.8823529411764706,1,2,property-backed but not confidently classified as a material,Системы 3.xlsx
0.9,1,162,property-backed but not confidently classified as a material,Таблица на 1 кв.м ЛКМ основная.xlsx
0.9266666666666667,1,1,property-backed but not confidently classified as a material,Таблица на 1 кв.м ЛКМ основная.xlsx
0.94,1,2,property-backed but not confidently classified as a material,Таблица на 1 кв.м ЛКМ основная.xlsx
0.975609756097561,1,1,property-backed but not confidently classified as a material,Таблица на 1 кв.м ЛКМ основная.xlsx
0.985,1,3,property-backed but not confidently classified as a material,Системы 1.xls
0.9999998069498442,1,1,property-backed but not confidently classified as a material,Таблица на 1 кв.м ЛКМ основная.xlsx
1,1,313,property-backed but not confidently classified as a material,Системы 1.xls | Системы 3.xlsx | Таблица на 1 кв.м ЛКМ основная.xlsx
"1±0,1",1,4,property-backed but not confidently classified as a material,Системы 3.xlsx
"1±0,105",1,8,property-backed but not confidently classified as a material,Системы 3.xlsx
"1,4/1,3",1,4,property-backed but not confidently classified as a material,Системы 4.xlsx
"1,45/1,45",1,2,property-backed but not confidently classified as a material,Системы 4.xlsx
"1,5/1,3",1,2,property-backed but not confidently classified as a material,Системы 4.xlsx
"1,5/1,5",1,1,property-backed but not confidently classified as a material,Системы 4.xlsx
"1,6+1,74",1,1,property-backed but not confidently classified as a material,Таблица на 1 кв.м ЛКМ основная.xlsx
1.0,1,463,property-backed but not confidently classified as a material,Системы 1.xls
1.0000046190397942,1,1,property-backed but not confidently classified as a material,Таблица на 1 кв.м ЛКМ основная.xlsx
1.0285714285714285,1,4,property-backed but not confidently classified as a material,Таблица на 1 кв.м ЛКМ основная.xlsx
1.05,1,4,property-backed but not confidently classified as a material,Системы 1.xls
1.0741687979539642,1,1,property-backed but not confidently classified as a material,Таблица на 1 кв.м ЛКМ основная.xlsx
1.08,1,5,property-backed but not confidently classified as a material,Таблица на 1 кв.м ЛКМ основная.xlsx
1.1,1,6,property-backed but not confidently classified as a material,Системы 1.xls | Таблица на 1 кв.м ЛКМ основная.xlsx
1.1142857142857143,1,2,property-backed but not confidently classified as a material,Таблица на 1 кв.м ЛКМ основная.xlsx
1.15,1,1,property-backed but not confidently classified as a material,Таблица на 1 кв.м ЛКМ основная.xlsx
1.18,1,13,property-backed but not confidently classified as a material,Системы 1.xls | Системы 2.XLSX
1.19,1,1,property-backed but not confidently classified as a material,Таблица на 1 кв.м ЛКМ основная.xlsx
1.1970443349753697,1,1,property-backed but not confidently classified as a material,Таблица на 1 кв.м ЛКМ основная.xlsx
1.2,1,41,property-backed but not confidently classified as a material,Системы 1.xls | Таблица на 1 кв.м ЛКМ основная.xlsx
1.22,1,35,property-backed but not confidently classified as a material,Системы 1.xls
1.23,1,1,property-backed but not confidently classified as a material,Таблица на 1 кв.м ЛКМ основная.xlsx
1.25,1,1,property-backed but not confidently classified as a material,Системы 1.xls
1.28,1,4,property-backed but not confidently classified as a material,Системы 1.xls
1.3,1,119,property-backed but not confidently classified as a material,Системы 1.xls | Системы 3.xlsx | Таблица на 1 кв.м ЛКМ основная.xlsx
1.31,1,2,property-backed but not confidently classified as a material,Таблица на 1 кв.м ЛКМ основная.xlsx
1.33,1,10,property-backed but not confidently classified as a material,Системы 1.xls | Таблица на 1 кв.м ЛКМ основная.xlsx
1.330049261083744,1,2,property-backed but not confidently classified as a material,Таблица на 1 кв.м ЛКМ основная.xlsx
1.333,1,2,property-backed but not confidently classified as a material,Системы 1.xls
1.34,1,24,property-backed but not confidently classified as a material,Системы 1.xls | Таблица на 1 кв.м ЛКМ основная.xlsx
1.35,1,16,property-backed but not confidently classified as a material,Системы 1.xls | Таблица на 1 кв.м ЛКМ основная.xlsx
1.36,1,2,property-backed but not confidently classified as a material,Таблица на 1 кв.м ЛКМ основная.xlsx
1.365,1,1,property-backed but not confidently classified as a material,Таблица на 1 кв.м ЛКМ основная.xlsx
1.3964285714285714,1,1,property-backed but not confidently classified as a material,Таблица на 1 кв.м ЛКМ основная.xlsx
1.4,1,331,property-backed but not confidently classified as a material,Системы 1.xls | Системы 3.xlsx | Таблица на 1 кв.м ЛКМ основная.xlsx
1.42,1,1,property-backed but not confidently classified as a material,Системы 1.xls
1.44,1,11,property-backed but not confidently classified as a material,Таблица на 1 кв.м ЛКМ основная.xlsx
1.45,1,64,property-backed but not confidently classified as a material,Системы 1.xls | Системы 3.xlsx | Таблица на 1 кв.м ЛКМ основная.xlsx
1.47,1,1,property-backed but not confidently classified as a material,Таблица на 1 кв.м ЛКМ основная.xlsx
1.48,1,1,property-backed but not confidently classified as a material,Таблица на 1 кв.м ЛКМ основная.xlsx
1.49,1,2,property-backed but not confidently classified as a material,Таблица на 1 кв.м ЛКМ основная.xlsx
1.5,1,111,property-backed but not confidently classified as a material,Системы 1.xls | Системы 3.xlsx | Системы 4.xlsx | Таблица на 1 кв.м ЛКМ основная.xlsx
1.52,1,5,property-backed but not confidently classified as a material,Таблица на 1 кв.м ЛКМ основная.xlsx
1.53,1,17,property-backed but not confidently classified as a material,Системы 1.xls
1.541623843782117,1,1,property-backed but not confidently classified as a material,Таблица на 1 кв.м ЛКМ основная.xlsx
1.56,1,1,property-backed but not confidently classified as a material,Таблица на 1 кв.м ЛКМ основная.xlsx
1.57,1,16,property-backed but not confidently classified as a material,Системы 1.xls | Таблица на 1 кв.м ЛКМ основная.xlsx
1.58,1,1,property-backed but not confidently classified as a material,Таблица на 1 кв.м ЛКМ основная.xlsx
1.6,1,81,property-backed but not confidently classified as a material,Системы 1.xls | Системы 3.xlsx | Таблица на 1 кв.м ЛКМ основная.xlsx
1.6400000000000001,1,2,property-backed but not confidently classified as a material,Таблица на 1 кв.м ЛКМ основная.xlsx
1.65,1,1,property-backed but not confidently classified as a material,Таблица на 1 кв.м ЛКМ основная.xlsx
1.7,1,3,property-backed but not confidently classified as a material,Таблица на 1 кв.м ЛКМ основная.xlsx
1.7142857142857142,1,2,property-backed but not confidently classified as a material,Таблица на 1 кв.м ЛКМ основная.xlsx
1.7290640394088672,1,1,property-backed but not confidently classified as a material,Таблица на 1 кв.м ЛКМ основная.xlsx
1.764,1,4,property-backed but not confidently classified as a material,Таблица на 1 кв.м ЛКМ основная.xlsx
1.8666666666666667,1,2,property-backed but not confidently classified as a material,Таблица на 1 кв.м ЛКМ основная.xlsx
1.8857142857142855,1,2,property-backed but not confidently classified as a material,Таблица на 1 кв.м ЛКМ основная.xlsx
1.9000000000000001,1,2,property-backed but not confidently classified as a material,Таблица на 1 кв.м ЛКМ основная.xlsx
1.9124999999999996,1,4,property-backed but not confidently classified as a material,Таблица на 1 кв.м ЛКМ основная.xlsx
1.9950738916256163,1,1,property-backed but not confidently classified as a material,Таблица на 1 кв.м ЛКМ основная.xlsx
10,1,72,property-backed but not confidently classified as a material,Системы 2.XLSX | Системы 3.xlsx | Системы 4.xlsx | Таблица на 1 кв.м ЛКМ основная.xlsx
10.191846522781773,1,1,property-backed but not confidently classified as a material,Таблица на 1 кв.м ЛКМ основная.xlsx
10.191846522781775,1,1,property-backed but not confidently classified as a material,Таблица на 1 кв.м ЛКМ основная.xlsx
10.333333333333334,1,2,property-backed but not confidently classified as a material,Таблица на 1 кв.м ЛКМ основная.xlsx
10.375,1,3,property-backed but not confidently classified as a material,Таблица на 1 кв.м ЛКМ основная.xlsx
10.457340145833262,1,1,property-backed but not confidently classified as a material,Таблица на 1 кв.м ЛКМ основная.xlsx
10.5,1,61,property-backed but not confidently classified as a material,Таблица на 1 кв.м ЛКМ основная.xlsx
10.571428571428571,1,4,property-backed but not confidently classified as a material,Таблица на 1 кв.м ЛКМ основная.xlsx
10.666666666666666,1,8,property-backed but not confidently classified as a material,Таблица на 1 кв.м ЛКМ основная.xlsx
10.833333333333332,1,22,property-backed but not confidently classified as a material,Таблица на 1 кв.м ЛКМ основная.xlsx
100,1,12,property-backed but not confidently classified as a material,Таблица на 1 кв.м ЛКМ основная.xlsx
100.0,1,86,property-backed but not confidently classified as a material,Системы 1.xls
1000.0,1,6,property-backed but not confidently classified as a material,Системы 1.xls
1001,1,1,property-backed but not confidently classified as a material,Таблица на 1 кв.м ЛКМ основная.xlsx
1003,1,4,property-backed but not confidently classified as a material,Таблица на 1 кв.м ЛКМ основная.xlsx
1009.6,1,1,property-backed but not confidently classified as a material,Таблица на 1 кв.м ЛКМ основная.xlsx
101.53846153846153,1,11,property-backed but not confidently classified as a material,Таблица на 1 кв.м ЛКМ основная.xlsx
101.69491525423729,1,4,property-backed but not confidently classified as a material,Системы 1.xls
1012.4399999999999,1,1,property-backed but not confidently classified as a material,Таблица на 1 кв.м ЛКМ основная.xlsx
1014,1,2,property-backed but not confidently classified as a material,Таблица на 1 кв.м ЛКМ основная.xlsx
1014.7214285714285,1,1,property-backed but not confidently classified as a material,Таблица на 1 кв.м ЛКМ основная.xlsx
1015,1,3,property-backed but not confidently classified as a material,Таблица на 1 кв.м ЛКМ основная.xlsx
10191.846522781774,1,1,property-backed but not confidently classified as a material,Таблица на 1 кв.м ЛКМ основная.xlsx
1020,1,2,property-backed but not confidently classified as a material,Таблица на 1 кв.м ЛКМ основная.xlsx
1021,1,11,property-backed but not confidently classified as a material,Таблица на 1 кв.м ЛКМ основная.xlsx
1024.8,1,1,property-backed but not confidently classified as a material,Таблица на 1 кв.м ЛКМ основная.xlsx
1025,1,1,property-backed but not confidently classified as a material,Таблица на 1 кв.м ЛКМ основная.xlsx
1028.1599999999999,1,1,property-backed but not confidently classified as a material,Таблица на 1 кв.м ЛКМ основная.xlsx
103.44827586206897,1,45,property-backed but not confidently classified as a material,Системы 1.xls | Таблица на 1 кв.м ЛКМ основная.xlsx
10316.12208219178,1,1,property-backed but not confidently classified as a material,Таблица на 1 кв.м ЛКМ основная.xlsx
1032,1,1,property-backed but not confidently classified as a material,Таблица на 1 кв.м ЛКМ основная.xlsx
1034.6,1,5,property-backed but not confidently classified as a material,Таблица на 1 кв.м ЛКМ основная.xlsx
1036,1,1,property-backed but not confidently classified as a material,Таблица на 1 кв.м ЛКМ основная.xlsx
1037.7685999999999,1,1,property-backed but not confidently classified as a material,Таблица на 1 кв.м ЛКМ основная.xlsx
1045,1,2,property-backed but not confidently classified as a material,Таблица на 1 кв.м ЛКМ основная.xlsx
1046.63,1,4,property-backed but not confidently classified as a material,Таблица на 1 кв.м ЛКМ основная.xlsx
105,1,1,property-backed but not confidently classified as a material,Таблица на 1 кв.м ЛКМ основная.xlsx
1050.43,1,3,property-backed but not confidently classified as a material,Таблица на 1 кв.м ЛКМ основная.xlsx
10526.65518590998,1,1,property-backed but not confidently classified as a material,Таблица на 1 кв.м ЛКМ основная.xlsx
1053,1,1,property-backed but not confidently classified as a material,Таблица на 1 кв.м ЛКМ основная.xlsx
1056,1,1,property-backed but not confidently classified as a material,Таблица на 1 кв.м ЛКМ основная.xlsx
1058.9150000000002,1,4,property-backed but not confidently classified as a material,Таблица на 1 кв.м ЛКМ основная.xlsx
1063.4,1,1,property-backed but not confidently classified as a material,Таблица на 1 кв.м ЛКМ основная.xlsx
1065.8999999999999,1,1,property-backed but not confidently classified as a material,Таблица на 1 кв.м ЛКМ основная.xlsx
1066,1,1,property-backed but not confidently classified as a material,Таблица на 1 кв.м ЛКМ основная.xlsx
107.14285714285714,1,2,property-backed but not confidently classified as a material,Таблица на 1 кв.м ЛКМ основная.xlsx
1074,1,1,property-backed but not confidently classified as a material,Таблица на 1 кв.м ЛКМ основная.xlsx
1074.2710000000002,1,1,property-backed but not confidently classified as a material,Таблица на 1 кв.м ЛКМ основная.xlsx
1076.4650000000001,1,4,property-backed but not confidently classified as a material,Таблица на 1 кв.м ЛКМ основная.xlsx
1079.1366906474818,1,1,property-backed but not confidently classified as a material,Таблица на 1 кв.м ЛКМ основная.xlsx
108.10810810810811,1,19,property-backed but not confidently classified as a material,Системы 1.xls | Таблица на 1 кв.м ЛКМ основная.xlsx
108.62068965517241,1,3,property-backed but not confidently classified as a material,Таблица на 1 кв.м ЛКМ основная.xlsx
1080,1,4,property-backed but not confidently classified as a material,Таблица на 1 кв.м ЛКМ основная.xlsx
1086.75,1,1,property-backed but not confidently classified as a material,Таблица на 1 кв.м ЛКМ основная.xlsx
1088,1,1,property-backed but not confidently classified as a material,Таблица на 1 кв.м ЛКМ основная.xlsx
1089.1999999999998,1,1,property-backed but not confidently classified as a material,Таблица на 1 кв.м ЛКМ основная.xlsx
109.58904109589041,1,19,property-backed but not confidently classified as a material,Системы 1.xls | Таблица на 1 кв.м ЛКМ основная.xlsx
1090.2,1,1,property-backed but not confidently classified as a material,Таблица на 1 кв.м ЛКМ основная.xlsx
1090.3764705882352,1,1,property-backed but not confidently classified as a material,Таблица на 1 кв.м ЛКМ основная.xlsx
1091.2,1,1,property-backed but not confidently classified as a material,Таблица на 1 кв.м ЛКМ основная.xlsx
11,1,10,property-backed but not confidently classified as a material,Системы 2.XLSX | Системы 3.xlsx | Системы 4.xlsx | Таблица на 1 кв.м ЛКМ основная.xlsx
11.166666666666668,1,5,property-backed but not confidently classified as a material,Таблица на 1 кв.м ЛКМ основная.xlsx
11.333333333333332,1,2,property-backed but not confidently classified as a material,Таблица на 1 кв.м ЛКМ основная.xlsx
11.6,1,39,property-backed but not confidently classified as a material,Таблица на 1 кв.м ЛКМ основная.xlsx
11.8,1,4,property-backed but not confidently classified as a material,Таблица на 1 кв.м ЛКМ основная.xlsx
110,1,6,property-backed but not confidently classified as a material,Таблица на 1 кв.м ЛКМ основная.xlsx
110.6,1,1,property-backed but not confidently classified as a material,Таблица на 1 кв.м ЛКМ основная.xlsx
1100,1,3,property-backed but not confidently classified as a material,Таблица на 1 кв.м ЛКМ основная.xlsx
1100.388,1,1,property-backed but not confidently classified as a material,Таблица на 1 кв.м ЛКМ основная.xlsx
1101.3311999999999,1,1,property-backed but not confidently classified as a material,Таблица на 1 кв.м ЛКМ основная.xlsx
1105,1,1,property-backed but not confidently classified as a material,Таблица на 1 кв.м ЛКМ основная.xlsx
1107.6000000000001,1,1,property-backed but not confidently classified as a material,Таблица на 1 кв.м ЛКМ основная.xlsx
1108,1,6,property-backed but not confidently classified as a material,Таблица на 1 кв.м ЛКМ основная.xlsx
111.11111111111111,1,19,property-backed but not confidently classified as a material,Системы 1.xls | Таблица на 1 кв.м ЛКМ основная.xlsx
111.76215277777779,1,2,property-backed but not confidently classified as a material,Таблица на 1 кв.м ЛКМ основная.xlsx
111.94029850746269,1,1,property-backed but not confidently classified as a material,Таблица на 1 кв.м ЛКМ основная.xlsx
1111.2,1,5,property-backed but not confidently classified as a material,Таблица на 1 кв.м ЛКМ основная.xlsx
1115.4,1,1,property-backed but not confidently classified as a material,Таблица на 1 кв.м ЛКМ основная.xlsx
1116.7,1,1,property-backed but not confidently classified as a material,Таблица на 1 кв.м ЛКМ основная.xlsx
1122.8,1,1,property-backed but not confidently classified as a material,Таблица на 1 кв.м ЛКМ основная.xlsx
1127,1,1,property-backed but not confidently classified as a material,Таблица на 1 кв.м ЛКМ основная.xlsx
1135,1,1,property-backed but not confidently classified as a material,Таблица на 1 кв.м ЛКМ основная.xlsx
1135.75,1,4,property-backed but not confidently classified as a material,Таблица на 1 кв.м ЛКМ основная.xlsx
1136,1,1,property-backed but not confidently classified as a material,Таблица на 1 кв.м ЛКМ основная.xlsx
1138.5,1,1,property-backed but not confidently classified as a material,Таблица на 1 кв.м ЛКМ основная.xlsx
1142,1,1,property-backed but not confidently classified as a material,Таблица на 1 кв.м ЛКМ основная.xlsx
1144,1,2,property-backed but not confidently classified as a material,Таблица на 1 кв.м ЛКМ основная.xlsx
115.06849315068492,1,1,property-backed but not confidently classified as a material,Таблица на 1 кв.м ЛКМ основная.xlsx
115.06849315068493,1,1,property-backed but not confidently classified as a material,Таблица на 1 кв.м ЛКМ основная.xlsx
115.1111111111111,1,1,property-backed but not confidently classified as a material,Таблица на 1 кв.м ЛКМ основная.xlsx
115.38461538461539,1,1,property-backed but not confidently classified as a material,Таблица на 1 кв.м ЛКМ основная.xlsx
1150,1,1,property-backed but not confidently classified as a material,Таблица на 1 кв.м ЛКМ основная.xlsx
1152,1,4,property-backed but not confidently classified as a material,Таблица на 1 кв.м ЛКМ основная.xlsx
1157.1,1,2,property-backed but not confidently classified as a material,Таблица на 1 кв.м ЛКМ основная.xlsx
1163.673469387755,1,1,property-backed but not confidently classified as a material,Таблица на 1 кв.м ЛКМ основная.xlsx
117.6470588235294,1,1,property-backed but not confidently classified as a material,Таблица на 1 кв.м ЛКМ основная.xlsx
1170,1,6,property-backed but not confidently classified as a material,Таблица на 1 кв.м ЛКМ основная.xlsx
1171.8,1,2,property-backed but not confidently classified as a material,Таблица на 1 кв.м ЛКМ основная.xlsx
11712.418300653593,1,2,property-backed but not confidently classified as a material,Таблица на 1 кв.м ЛКМ основная.xlsx
1177.142857142857,1,1,property-backed but not confidently classified as a material,Таблица на 1 кв.м ЛКМ основная.xlsx
1179,1,2,property-backed but not confidently classified as a material,Таблица на 1 кв.м ЛКМ основная.xlsx
1180.4,1,1,property-backed but not confidently classified as a material,Таблица на 1 кв.м ЛКМ основная.xlsx
1182.4,1,1,property-backed but not confidently classified as a material,Таблица на 1 кв.м ЛКМ основная.xlsx
1185,1,2,property-backed but not confidently classified as a material,Таблица на 1 кв.м ЛКМ основная.xlsx
119.40298507462687,1,2,property-backed but not confidently classified as a material,Таблица на 1 кв.м ЛКМ основная.xlsx
12,1,10,property-backed but not confidently classified as a material,Системы 2.XLSX | Системы 3.xlsx | Таблица на 1 кв.м ЛКМ основная.xlsx
12.250000000000002,1,2,property-backed but not confidently classified as a material,Таблица на 1 кв.м ЛКМ основная.xlsx
12.4,1,1,property-backed but not confidently classified as a material,Таблица на 1 кв.м ЛКМ основная.xlsx
12.600000000000001,1,18,property-backed but not confidently classified as a material,Таблица на 1 кв.м ЛКМ основная.xlsx
120,1,28,property-backed but not confidently classified as a material,Таблица на 1 кв.м ЛКМ основная.xlsx
120.48192771084338,1,18,property-backed but not confidently classified as a material,Системы 1.xls
1200,1,2,property-backed but not confidently classified as a material,Таблица на 1 кв.м ЛКМ основная.xlsx
1205,1,1,property-backed but not confidently classified as a material,Таблица на 1 кв.м ЛКМ основная.xlsx
1209,1,1,property-backed but not confidently classified as a material,Таблица на 1 кв.м ЛКМ основная.xlsx
1210.3,1,1,property-backed but not confidently classified as a material,Таблица на 1 кв.м ЛКМ основная.xlsx
1214.2857142857144,1,1,property-backed but not confidently classified as a material,Таблица на 1 кв.м ЛКМ основная.xlsx
1215,1,3,property-backed but not confidently classified as a material,Таблица на 1 кв.м ЛКМ основная.xlsx
1218.75,1,2,property-backed but not confidently classified as a material,Таблица на 1 кв.м ЛКМ основная.xlsx
122.22222222222223,1,1,property-backed but not confidently classified as a material,Таблица на 1 кв.м ЛКМ основная.xlsx
1220,1,1,property-backed but not confidently classified as a material,Таблица на 1 кв.м ЛКМ основная.xlsx
1222.13,1,6,property-backed but not confidently classified as a material,Таблица на 1 кв.м ЛКМ основная.xlsx
1227.2,1,3,property-backed but not confidently classified as a material,Таблица на 1 кв.м ЛКМ основная.xlsx
123.07692307692308,1,30,property-backed but not confidently classified as a material,Системы 1.xls
123.28767123287672,1,2,property-backed but not confidently classified as a material,Таблица на 1 кв.м ЛКМ основная.xlsx
1230.857142857143,1,1,property-backed but not confidently classified as a material,Таблица на 1 кв.м ЛКМ основная.xlsx
1240,1,1,property-backed but not confidently classified as a material,Таблица на 1 кв.м ЛКМ основная.xlsx
1246.6666666666667,1,1,property-backed but not confidently classified as a material,Таблица на 1 кв.м ЛКМ основная.xlsx
125,1,8,property-backed but not confidently classified as a material,Таблица на 1 кв.м ЛКМ основная.xlsx
125.0,1,9,property-backed but not confidently classified as a material,Системы 1.xls
1250,1,1,property-backed but not confidently classified as a material,Таблица на 1 кв.м ЛКМ основная.xlsx
1258.9850000000001,1,2,property-backed but not confidently classified as a material,Таблица на 1 кв.м ЛКМ основная.xlsx
126,1,32,property-backed but not confidently classified as a material,Таблица на 1 кв.м ЛКМ основная.xlsx
1264,1,1,property-backed but not confidently classified as a material,Таблица на 1 кв.м ЛКМ основная.xlsx
1265.3061224489795,1,1,property-backed but not confidently classified as a material,Таблица на 1 кв.м ЛКМ основная.xlsx
1266.1,1,1,property-backed but not confidently classified as a material,Таблица на 1 кв.м ЛКМ основная.xlsx
1268.4,1,1,property-backed but not confidently classified as a material,Таблица на 1 кв.м ЛКМ основная.xlsx
127.52941176470591,1,2,property-backed but not confidently classified as a material,Таблица на 1 кв.м ЛКМ основная.xlsx
127.65957446808511,1,1,property-backed but not confidently classified as a material,Таблица на 1 кв.м ЛКМ основная.xlsx
127.72817460317461,1,2,property-backed but not confidently classified as a material,Таблица на 1 кв.м ЛКМ основная.xlsx
1274,1,1,property-backed but not confidently classified as a material,Таблица на 1 кв.м ЛКМ основная.xlsx
1276.68,1,1,property-backed but not confidently classified as a material,Таблица на 1 кв.м ЛКМ основная.xlsx
1279.2,1,1,property-backed but not confidently classified as a material,Таблица на 1 кв.м ЛКМ основная.xlsx
1280,1,3,property-backed but not confidently classified as a material,Таблица на 1 кв.м ЛКМ основная.xlsx
1285,1,1,property-backed but not confidently classified as a material,Таблица на 1 кв.м ЛКМ основная.xlsx
129.31034482758622,1,2,property-backed but not confidently classified as a material,Таблица на 1 кв.м ЛКМ основная.xlsx
1290,1,1,property-backed but not confidently classified as a material,Таблица на 1 кв.м ЛКМ основная.xlsx
1292,1,3,property-backed but not confidently classified as a material,Таблица на 1 кв.м ЛКМ основная.xlsx
13,1,3,property-backed but not confidently classified as a material,Системы 2.XLSX | Системы 3.xlsx | Таблица на 1 кв.м ЛКМ основная.xlsx
13.30049261083744,1,1,property-backed but not confidently classified as a material,Таблица на 1 кв.м ЛКМ основная.xlsx
13.333333333333332,1,1,property-backed but not confidently classified as a material,Таблица на 1 кв.м ЛКМ основная.xlsx
130,1,3,property-backed but not confidently classified as a material,Таблица на 1 кв.м ЛКМ основная.xlsx
130.43478260869566,1,10,property-backed but not confidently classified as a material,Системы 1.xls
1300,1,1,property-backed but not confidently classified as a material,Таблица на 1 кв.м ЛКМ основная.xlsx
1302,1,1,property-backed but not confidently classified as a material,Таблица на 1 кв.м ЛКМ основная.xlsx
1312.48,1,1,property-backed but not confidently classified as a material,Таблица на 1 кв.м ЛКМ основная.xlsx
1326,1,1,property-backed but not confidently classified as a material,Таблица на 1 кв.м ЛКМ основная.xlsx
1328.9907120743035,1,1,property-backed but not confidently classified as a material,Таблица на 1 кв.м ЛКМ основная.xlsx
1329.2857142857144,1,1,property-backed but not confidently classified as a material,Таблица на 1 кв.м ЛКМ основная.xlsx
133.33333333333334,1,9,property-backed but not confidently classified as a material,Системы 1.xls
1330,1,1,property-backed but not confidently classified as a material,Таблица на 1 кв.м ЛКМ основная.xlsx
135.13513513513513,1,31,property-backed but not confidently classified as a material,Системы 1.xls | Таблица на 1 кв.м ЛКМ основная.xlsx
1350,1,2,property-backed but not confidently classified as a material,Таблица на 1 кв.м ЛКМ основная.xlsx
1353.5714285714287,1,1,property-backed but not confidently classified as a material,Таблица на 1 кв.м ЛКМ основная.xlsx
1358,1,5,property-backed but not confidently classified as a material,Таблица на 1 кв.м ЛКМ основная.xlsx
1358.5,1,1,property-backed but not confidently classified as a material,Таблица на 1 кв.м ЛКМ основная.xlsx
136.986301369863,1,9,property-backed but not confidently classified as a material,Системы 1.xls
1372.8,1,1,property-backed but not confidently classified as a material,Таблица на 1 кв.м ЛКМ основная.xlsx
138.88888888888889,1,18,property-backed but not confidently classified as a material,Системы 1.xls
1383,1,1,property-backed but not confidently classified as a material,Таблица на 1 кв.м ЛКМ основная.xlsx
139.53488372093022,1,1,property-backed but not confidently classified as a material,Таблица на 1 кв.м ЛКМ основная.xlsx
14,1,2,property-backed but not confidently classified as a material,Системы 2.XLSX | Системы 3.xlsx
14.166666666666666,1,2,property-backed but not confidently classified as a material,Таблица на 1 кв.м ЛКМ основная.xlsx
14.285714285714286,1,1,property-backed but not confidently classified as a material,Таблица на 1 кв.м ЛКМ основная.xlsx
14.778325123152712,1,1,property-backed but not confidently classified as a material,Таблица на 1 кв.м ЛКМ основная.xlsx
140,1,29,property-backed but not confidently classified as a material,Таблица на 1 кв.м ЛКМ основная.xlsx
140.8450704225352,1,2,property-backed but not confidently classified as a material,Системы 1.xls
1400.98761,1,1,property-backed but not confidently classified as a material,Таблица на 1 кв.м ЛКМ основная.xlsx
1408.1632653061224,1,1,property-backed but not confidently classified as a material,Таблица на 1 кв.м ЛКМ основная.xlsx
1414.4,1,1,property-backed but not confidently classified as a material,Таблица на 1 кв.м ЛКМ основная.xlsx
142.85714285714286,1,4,property-backed but not confidently classified as a material,Системы 1.xls | Таблица на 1 кв.м ЛКМ основная.xlsx
1420.61,1,1,property-backed but not confidently classified as a material,Таблица на 1 кв.м ЛКМ основная.xlsx
1428,1,1,property-backed but not confidently classified as a material,Таблица на 1 кв.м ЛКМ основная.xlsx
1435,1,1,property-backed but not confidently classified as a material,Таблица на 1 кв.м ЛКМ основная.xlsx
144.57831325301206,1,8,property-backed but not confidently classified as a material,Системы 1.xls
145.45454545454547,1,2,property-backed but not confidently classified as a material,Таблица на 1 кв.м ЛКМ основная.xlsx
1458,1,1,property-backed but not confidently classified as a material,Таблица на 1 кв.м ЛКМ основная.xlsx
1463,1,1,property-backed but not confidently classified as a material,Таблица на 1 кв.м ЛКМ основная.xlsx
147.05882352941177,1,9,property-backed but not confidently classified as a material,Системы 1.xls
1470,1,1,property-backed but not confidently classified as a material,Таблица на 1 кв.м ЛКМ основная.xlsx
148.14814814814815,1,4,property-backed but not confidently classified as a material,Системы 1.xls
1481.4148681055156,1,2,property-backed but not confidently classified as a material,Таблица на 1 кв.м ЛКМ основная.xlsx
1484.6000000000001,1,1,property-backed but not confidently classified as a material,Таблица на 1 кв.м ЛКМ основная.xlsx
1495,1,1,property-backed but not confidently classified as a material,Таблица на 1 кв.м ЛКМ основная.xlsx
15,1,4,property-backed but not confidently classified as a material,Системы 2.XLSX | Системы 3.xlsx | Системы 4.xlsx
15.517241379310345,1,1,property-backed but not confidently classified as a material,Таблица на 1 кв.м ЛКМ основная.xlsx
15.7,1,2,property-backed but not confidently classified as a material,Таблица на 1 кв.м ЛКМ основная.xlsx
150,1,19,property-backed but not confidently classified as a material,Системы 2.XLSX | Системы 3.xlsx | Системы 4.xlsx | Таблица на 1 кв.м ЛКМ основная.xlsx
150.68493150684932,1,4,property-backed but not confidently classified as a material,Таблица на 1 кв.м ЛКМ основная.xlsx
1500,1,1,property-backed but not confidently classified as a material,Таблица на 1 кв.м ЛКМ основная.xlsx
152.77777777777777,1,2,property-backed but not confidently classified as a material,Таблица на 1 кв.м ЛКМ основная.xlsx
1540,1,1,property-backed but not confidently classified as a material,Таблица на 1 кв.м ЛКМ основная.xlsx
156.46701388888889,1,2,property-backed but not confidently classified as a material,Таблица на 1 кв.м ЛКМ основная.xlsx
157.05239436619718,1,1,property-backed but not confidently classified as a material,Таблица на 1 кв.м ЛКМ основная.xlsx
157.5,1,2,property-backed but not confidently classified as a material,Таблица на 1 кв.м ЛКМ основная.xlsx
157.89473684210526,1,2,property-backed but not confidently classified as a material,Таблица на 1 кв.м ЛКМ основная.xlsx
1579.5,1,1,property-backed but not confidently classified as a material,Таблица на 1 кв.м ЛКМ основная.xlsx
158.21917808219177,1,1,property-backed but not confidently classified as a material,Таблица на 1 кв.м ЛКМ основная.xlsx
158.73015873015873,1,1,property-backed but not confidently classified as a material,Таблица на 1 кв.м ЛКМ основная.xlsx
1589,1,1,property-backed but not confidently classified as a material,Таблица на 1 кв.м ЛКМ основная.xlsx
16,1,7,property-backed but not confidently classified as a material,Системы 2.XLSX | Системы 3.xlsx | Системы 4.xlsx | Таблица на 1 кв.м ЛКМ основная.xlsx
160,1,5,property-backed but not confidently classified as a material,Таблица на 1 кв.м ЛКМ основная.xlsx
160.91954022988506,1,2,property-backed but not confidently classified as a material,Таблица на 1 кв.м ЛКМ основная.xlsx
1600,1,1,property-backed but not confidently classified as a material,Таблица на 1 кв.м ЛКМ основная.xlsx
161.29032258064515,1,9,property-backed but not confidently classified as a material,Системы 1.xls
1610,1,1,property-backed but not confidently classified as a material,Таблица на 1 кв.м ЛКМ основная.xlsx
162.16216216216216,1,17,property-backed but not confidently classified as a material,Системы 1.xls | Таблица на 1 кв.м ЛКМ основная.xlsx
1625,1,1,property-backed but not confidently classified as a material,Таблица на 1 кв.м ЛКМ основная.xlsx
163.26530612244895,1,1,property-backed but not confidently classified as a material,Таблица на 1 кв.м ЛКМ основная.xlsx
164.3835616438356,1,7,property-backed but not confidently classified as a material,Таблица на 1 кв.м ЛКМ основная.xlsx
164.7058823529412,1,3,property-backed but not confidently classified as a material,Таблица на 1 кв.м ЛКМ основная.xlsx
1648,1,1,property-backed but not confidently classified as a material,Таблица на 1 кв.м ЛКМ основная.xlsx
166.66666666666666,1,36,property-backed but not confidently classified as a material,Системы 1.xls | Таблица на 1 кв.м ЛКМ основная.xlsx
168.67469879518072,1,8,property-backed but not confidently classified as a material,Системы 1.xls
168.9189189189189,1,1,property-backed but not confidently classified as a material,Таблица на 1 кв.м ЛКМ основная.xlsx
169.01408450704224,1,1,property-backed but not confidently classified as a material,Таблица на 1 кв.м ЛКМ основная.xlsx
17,1,6,property-backed but not confidently classified as a material,Системы 2.XLSX | Системы 3.xlsx | Системы 4.xlsx | Таблица на 1 кв.м ЛКМ основная.xlsx
17.027027027027028,1,1,property-backed but not confidently classified as a material,Таблица на 1 кв.м ЛКМ основная.xlsx
17.290640394088673,1,1,property-backed but not confidently classified as a material,Таблица на 1 кв.м ЛКМ основная.xlsx
170,1,1,property-backed but not confidently classified as a material,Таблица на 1 кв.м ЛКМ основная.xlsx
1700,1,1,property-backed but not confidently classified as a material,Таблица на 1 кв.м ЛКМ основная.xlsx
1700.3921568627454,1,2,property-backed but not confidently classified as a material,Таблица на 1 кв.м ЛКМ основная.xlsx
1704,1,1,property-backed but not confidently classified as a material,Таблица на 1 кв.м ЛКМ основная.xlsx
1708,1,1,property-backed but not confidently classified as a material,Таблица на 1 кв.м ЛКМ основная.xlsx
171.23287671232876,1,2,property-backed but not confidently classified as a material,Таблица на 1 кв.м ЛКМ основная.xlsx
172.972972972973,1,1,property-backed but not confidently classified as a material,Таблица на 1 кв.м ЛКМ основная.xlsx
1723.2,1,1,property-backed but not confidently classified as a material,Таблица на 1 кв.м ЛКМ основная.xlsx
1726.667,1,1,property-backed but not confidently classified as a material,Таблица на 1 кв.м ЛКМ основная.xlsx
173.61111111111111,1,11,property-backed but not confidently classified as a material,Системы 1.xls | Таблица на 1 кв.м ЛКМ основная.xlsx
175,1,10,property-backed but not confidently classified as a material,Системы 2.XLSX | Системы 3.xlsx | Системы 4.xlsx | Таблица на 1 кв.м ЛКМ основная.xlsx
175.0,1,8,property-backed but not confidently classified as a material,Системы 1.xls
175.67567567567568,1,1,property-backed but not confidently classified as a material,Таблица на 1 кв.м ЛКМ основная.xlsx
17568.62745098039,1,2,property-backed but not confidently classified as a material,Таблица на 1 кв.м ЛКМ основная.xlsx
1762.5899280575538,1,1,property-backed but not confidently classified as a material,Таблица на 1 кв.м ЛКМ основная.xlsx
17776.978417266186,1,1,property-backed but not confidently classified as a material,Таблица на 1 кв.м ЛКМ основная.xlsx
178.57142857142858,1,1,property-backed but not confidently classified as a material,Таблица на 1 кв.м ЛКМ основная.xlsx
18,1,3,property-backed but not confidently classified as a material,Системы 3.xlsx | Системы 4.xlsx
18.5,1,2,property-backed but not confidently classified as a material,Таблица на 1 кв.м ЛКМ основная.xlsx
18.91891891891892,1,2,property-backed but not confidently classified as a material,Таблица на 1 кв.м ЛКМ основная.xlsx
180,1,8,property-backed but not confidently classified as a material,Таблица на 1 кв.м ЛКМ основная.xlsx
180.72289156626505,1,45,property-backed but not confidently classified as a material,Системы 1.xls
181.8181818181818,1,8,property-backed but not confidently classified as a material,Системы 1.xls | Таблица на 1 кв.м ЛКМ основная.xlsx
1819.9999999999998,1,1,property-backed but not confidently classified as a material,Таблица на 1 кв.м ЛКМ основная.xlsx
1828.125,1,2,property-backed but not confidently classified as a material,Таблица на 1 кв.м ЛКМ основная.xlsx
185,1,1,property-backed but not confidently classified as a material,Таблица на 1 кв.м ЛКМ основная.xlsx
185.1851851851852,1,1,property-backed but not confidently classified as a material,Системы 1.xls
1861,1,1,property-backed but not confidently classified as a material,Таблица на 1 кв.м ЛКМ основная.xlsx
187.5,1,17,property-backed but not confidently classified as a material,Системы 1.xls
1873,1,2,property-backed but not confidently classified as a material,Таблица на 1 кв.м ЛКМ основная.xlsx
1880.09,1,1,property-backed but not confidently classified as a material,Таблица на 1 кв.м ЛКМ основная.xlsx
189.1891891891892,1,18,property-backed but not confidently classified as a material,Системы 1.xls | Таблица на 1 кв.м ЛКМ основная.xlsx
1895,1,1,property-backed but not confidently classified as a material,Таблица на 1 кв.м ЛКМ основная.xlsx
19,1,3,property-backed but not confidently classified as a material,Системы 3.xlsx | Системы 4.xlsx
19.211822660098527,1,1,property-backed but not confidently classified as a material,Таблица на 1 кв.м ЛКМ основная.xlsx
19.459459459459463,1,1,property-backed but not confidently classified as a material,Таблица на 1 кв.м ЛКМ основная.xlsx
190,1,1,property-backed but not confidently classified as a material,Таблица на 1 кв.м ЛКМ основная.xlsx
191.78082191780823,1,12,property-backed but not confidently classified as a material,Системы 1.xls | Таблица на 1 кв.м ЛКМ основная.xlsx
191.85188888888888,1,1,property-backed but not confidently classified as a material,Таблица на 1 кв.м ЛКМ основная.xlsx
1918.4652278177457,1,1,property-backed but not confidently classified as a material,Таблица на 1 кв.м ЛКМ основная.xlsx
194.44444444444446,1,2,property-backed but not confidently classified as a material,Таблица на 1 кв.м ЛКМ основная.xlsx
195.91836734693874,1,1,property-backed but not confidently classified as a material,Таблица на 1 кв.м ЛКМ основная.xlsx
197.18309859154928,1,2,property-backed but not confidently classified as a material,Таблица на 1 кв.м ЛКМ основная.xlsx
197.43589743589743,1,1,property-backed but not confidently classified as a material,Таблица на 1 кв.м ЛКМ основная.xlsx
198.4126984126984,1,2,property-backed but not confidently classified as a material,Таблица на 1 кв.м ЛКМ основная.xlsx
2,1,26,property-backed but not confidently classified as a material,Системы 1.xls | Системы 2.XLSX | Системы 3.xlsx | Системы 4.xlsx | Таблица на 1 кв.м ЛКМ основная.xlsx
"2,3+0,3",1,1,property-backed but not confidently classified as a material,Таблица на 1 кв.м ЛКМ основная.xlsx
"2,9/1,6/1,3",1,1,property-backed but not confidently classified as a material,Системы 4.xlsx
2.0,1,6,property-backed but not confidently classified as a material,Системы 1.xls
2.025,1,1,property-backed but not confidently classified as a material,Таблица на 1 кв.м ЛКМ основная.xlsx
2.04,1,2,property-backed but not confidently classified as a material,Таблица на 1 кв.м ЛКМ основная.xlsx
2.057142857142857,1,4,property-backed but not confidently classified as a material,Таблица на 1 кв.м ЛКМ основная.xlsx
2.0833333333333335,1,2,property-backed but not confidently classified as a material,Таблица на 1 кв.м ЛКМ основная.xlsx
2.1,1,8,property-backed but not confidently classified as a material,Системы 1.xls | Таблица на 1 кв.м ЛКМ основная.xlsx
2.185714285714286,1,2,property-backed but not confidently classified as a material,Таблица на 1 кв.м ЛКМ основная.xlsx
2.2092,1,1,property-backed but not confidently classified as a material,Таблица на 1 кв.м ЛКМ основная.xlsx
2.216748768472907,1,1,property-backed but not confidently classified as a material,Таблица на 1 кв.м ЛКМ основная.xlsx
2.219178082191781,1,1,property-backed but not confidently classified as a material,Таблица на 1 кв.м ЛКМ основная.xlsx
2.23,1,1,property-backed but not confidently classified as a material,Таблица на 1 кв.м ЛКМ основная.xlsx
2.25,1,1,property-backed but not confidently classified as a material,Таблица на 1 кв.м ЛКМ основная.xlsx
2.3,1,6,property-backed but not confidently classified as a material,Таблица на 1 кв.м ЛКМ основная.xlsx
2.45,1,13,property-backed but not confidently classified as a material,Системы 1.xls | Таблица на 1 кв.м ЛКМ основная.xlsx
2.4657534246575343,1,1,property-backed but not confidently classified as a material,Таблица на 1 кв.м ЛКМ основная.xlsx
2.5179856115107913,1,1,property-backed but not confidently classified as a material,Таблица на 1 кв.м ЛКМ основная.xlsx
2.58,1,2,property-backed but not confidently classified as a material,Таблица на 1 кв.м ЛКМ основная.xlsx
2.6,1,15,property-backed but not confidently classified as a material,Системы 1.xls | Таблица на 1 кв.м ЛКМ основная.xlsx
2.642857142857143,1,1,property-backed but not confidently classified as a material,Таблица на 1 кв.м ЛКМ основная.xlsx
2.6666666666666665,1,2,property-backed but not confidently classified as a material,Таблица на 1 кв.м ЛКМ основная.xlsx
2.7406646111682087,1,1,property-backed but not confidently classified as a material,Таблица на 1 кв.м ЛКМ основная.xlsx
2.7428571428571424,1,2,property-backed but not confidently classified as a material,Таблица на 1 кв.м ЛКМ основная.xlsx
2.762162162162162,1,1,property-backed but not confidently classified as a material,Таблица на 1 кв.м ЛКМ основная.xlsx
2.8285714285714283,1,1,property-backed but not confidently classified as a material,Таблица на 1 кв.м ЛКМ основная.xlsx
2.8777777777777773,1,2,property-backed but not confidently classified as a material,Таблица на 1 кв.м ЛКМ основная.xlsx
2.9,1,5,property-backed but not confidently classified as a material,Системы 3.xlsx | Таблица на 1 кв.м ЛКМ основная.xlsx
2.914285714285714,1,2,property-backed but not confidently classified as a material,Таблица на 1 кв.м ЛКМ основная.xlsx
20,1,14,property-backed but not confidently classified as a material,Системы 3.xlsx | Таблица на 1 кв.м ЛКМ основная.xlsx
20 лет,1,1,property-backed but not confidently classified as a material,Системы 3.xlsx
20.17241379310345,1,1,property-backed but not confidently classified as a material,Таблица на 1 кв.м ЛКМ основная.xlsx
200,1,9,property-backed but not confidently classified as a material,Таблица на 1 кв.м ЛКМ основная.xlsx
200.0,1,33,property-backed but not confidently classified as a material,Системы 1.xls
200.53323412698415,1,2,property-backed but not confidently classified as a material,Таблица на 1 кв.м ЛКМ основная.xlsx
2000,1,6,property-backed but not confidently classified as a material,Таблица на 1 кв.м ЛКМ основная.xlsx
201.34228187919464,1,18,property-backed but not confidently classified as a material,Системы 1.xls
202.6315789473684,1,1,property-backed but not confidently classified as a material,Таблица на 1 кв.м ЛКМ основная.xlsx
202.7027027027027,1,2,property-backed but not confidently classified as a material,Таблица на 1 кв.м ЛКМ основная.xlsx
205.88235294117646,1,32,property-backed but not confidently classified as a material,Системы 1.xls | Таблица на 1 кв.м ЛКМ основная.xlsx
2070,1,1,property-backed but not confidently classified as a material,Таблица на 1 кв.м ЛКМ основная.xlsx
208.33333333333334,1,2,property-backed but not confidently classified as a material,Таблица на 1 кв.м ЛКМ основная.xlsx
21,1,4,property-backed but not confidently classified as a material,Системы 3.xlsx | Таблица на 1 кв.м ЛКМ основная.xlsx
21.42857142857143,1,1,property-backed but not confidently classified as a material,Таблица на 1 кв.м ЛКМ основная.xlsx
21.621621621621625,1,1,property-backed but not confidently classified as a material,Таблица на 1 кв.м ЛКМ основная.xlsx
210.52631578947367,1,2,property-backed but not confidently classified as a material,Таблица на 1 кв.м ЛКМ основная.xlsx
210.95890410958904,1,1,property-backed but not confidently classified as a material,Таблица на 1 кв.м ЛКМ основная.xlsx
2100,1,1,property-backed but not confidently classified as a material,Таблица на 1 кв.м ЛКМ основная.xlsx
212.12121212121212,1,1,property-backed but not confidently classified as a material,Таблица на 1 кв.м ЛКМ основная.xlsx
216.86746987951807,1,1,property-backed but not confidently classified as a material,Таблица на 1 кв.м ЛКМ основная.xlsx
219.17808219178082,1,1,property-backed but not confidently classified as a material,Таблица на 1 кв.м ЛКМ основная.xlsx
22,1,3,property-backed but not confidently classified as a material,Системы 3.xlsx | Таблица на 1 кв.м ЛКМ основная.xlsx
22.285714285714285,1,2,property-backed but not confidently classified as a material,Таблица на 1 кв.м ЛКМ основная.xlsx
22.5,1,1,property-backed but not confidently classified as a material,Таблица на 1 кв.м ЛКМ основная.xlsx
220,1,1,property-backed but not confidently classified as a material,Таблица на 1 кв.м ЛКМ основная.xlsx
2200,1,2,property-backed but not confidently classified as a material,Таблица на 1 кв.м ЛКМ основная.xlsx
2215.642,1,1,property-backed but not confidently classified as a material,Таблица на 1 кв.м ЛКМ основная.xlsx
222.22222222222223,1,2,property-backed but not confidently classified as a material,Системы 1.xls
222.35294117647058,1,2,property-backed but not confidently classified as a material,Таблица на 1 кв.м ЛКМ основная.xlsx
223.52941176470588,1,1,property-backed but not confidently classified as a material,Таблица на 1 кв.м ЛКМ основная.xlsx
2242.5,1,1,property-backed but not confidently classified as a material,Таблица на 1 кв.м ЛКМ основная.xlsx
225.0,1,2,property-backed but not confidently classified as a material,Системы 1.xls
2254,1,1,property-backed but not confidently classified as a material,Таблица на 1 кв.м ЛКМ основная.xlsx
227.27272727272728,1,9,property-backed but not confidently classified as a material,Системы 1.xls
229.72972972972974,1,1,property-backed but not confidently classified as a material,Таблица на 1 кв.м ЛКМ основная.xlsx
23,1,1,property-backed but not confidently classified as a material,Системы 3.xlsx
23.346560846560845,1,1,property-backed but not confidently classified as a material,Таблица на 1 кв.м ЛКМ основная.xlsx
23.80952380952381,1,1,property-backed but not confidently classified as a material,Таблица на 1 кв.м ЛКМ основная.xlsx
230,1,1,property-backed but not confidently classified as a material,Таблица на 1 кв.м ЛКМ основная.xlsx
230.13698630136986,1,1,property-backed but not confidently classified as a material,Таблица на 1 кв.м ЛКМ основная.xlsx
2334.5,1,1,property-backed but not confidently classified as a material,Таблица на 1 кв.м ЛКМ основная.xlsx
235.2941176470588,1,4,property-backed but not confidently classified as a material,Таблица на 1 кв.м ЛКМ основная.xlsx
236.8421052631579,1,2,property-backed but not confidently classified as a material,Системы 1.xls
2378,1,2,property-backed but not confidently classified as a material,Таблица на 1 кв.м ЛКМ основная.xlsx
238.0952380952381,1,9,property-backed but not confidently classified as a material,Системы 1.xls
24.65753424657534,1,1,property-backed but not confidently classified as a material,Таблица на 1 кв.м ЛКМ основная.xlsx
240,1,2,property-backed but not confidently classified as a material,Таблица на 1 кв.м ЛКМ основная.xlsx
240.0,1,6,property-backed but not confidently classified as a material,Системы 1.xls
243.24324324324326,1,11,property-backed but not confidently classified as a material,Системы 1.xls | Таблица на 1 кв.м ЛКМ основная.xlsx
2442.96,1,1,property-backed but not confidently classified as a material,Таблица на 1 кв.м ЛКМ основная.xlsx
246.57534246575344,1,3,property-backed but not confidently classified as a material,Системы 1.xls | Таблица на 1 кв.м ЛКМ основная.xlsx
247.05882352941177,1,2,property-backed but not confidently classified as a material,Таблица на 1 кв.м ЛКМ основная.xlsx
2470,1,2,property-backed but not confidently classified as a material,Таблица на 1 кв.м ЛКМ основная.xlsx
25,1,1,property-backed but not confidently classified as a material,Таблица на 1 кв.м ЛКМ основная.xlsx
25.714285714285715,1,1,property-backed but not confidently classified as a material,Таблица на 1 кв.м ЛКМ основная.xlsx
250.0,1,8,property-backed but not confidently classified as a material,Системы 1.xls
254.77707006369428,1,2,property-backed but not confidently classified as a material,Таблица на 1 кв.м ЛКМ основная.xlsx
2550.588235294118,1,2,property-backed but not confidently classified as a material,Таблица на 1 кв.м ЛКМ основная.xlsx
2557.7999999999997,1,1,property-backed but not confidently classified as a material,Таблица на 1 кв.м ЛКМ основная.xlsx
25600,1,2,property-backed but not confidently classified as a material,Таблица на 1 кв.м ЛКМ основная.xlsx
2570,1,2,property-backed but not confidently classified as a material,Системы 3.xlsx
258.8235294117647,1,1,property-backed but not confidently classified as a material,Таблица на 1 кв.м ЛКМ основная.xlsx
259,1,1,property-backed but not confidently classified as a material,Таблица на 1 кв.м ЛКМ основная.xlsx
259.00005,1,1,property-backed but not confidently classified as a material,Таблица на 1 кв.м ЛКМ основная.xlsx
26.0,1,3,property-backed but not confidently classified as a material,Системы 1.xls
26.967032967032967,1,1,property-backed but not confidently classified as a material,Таблица на 1 кв.м ЛКМ основная.xlsx
2611.7000000000003,1,1,property-backed but not confidently classified as a material,Таблица на 1 кв.м ЛКМ основная.xlsx
263,1,4,property-backed but not confidently classified as a material,Таблица на 1 кв.м ЛКМ основная.xlsx
263.1578947368421,1,9,property-backed but not confidently classified as a material,Системы 1.xls
266.09589041095893,1,1,property-backed but not confidently classified as a material,Таблица на 1 кв.м ЛКМ основная.xlsx
270.27027027027026,1,6,property-backed but not confidently classified as a material,Системы 1.xls
272.16350547730826,1,2,property-backed but not confidently classified as a material,Таблица на 1 кв.м ЛКМ основная.xlsx
272.72727272727275,1,1,property-backed but not confidently classified as a material,Таблица на 1 кв.м ЛКМ основная.xlsx
28.0,1,3,property-backed but not confidently classified as a material,Системы 1.xls
28.35341365461847,1,1,property-backed but not confidently classified as a material,Таблица на 1 кв.м ЛКМ основная.xlsx
28.37837837837838,1,1,property-backed but not confidently classified as a material,Таблица на 1 кв.м ЛКМ основная.xlsx
28.571428571428573,1,1,property-backed but not confidently classified as a material,Таблица на 1 кв.м ЛКМ основная.xlsx
281.25,1,1,property-backed but not confidently classified as a material,Таблица на 1 кв.м ЛКМ основная.xlsx
285.7142857142857,1,1,property-backed but not confidently classified as a material,Таблица на 1 кв.м ЛКМ основная.xlsx
2851,1,1,property-backed but not confidently classified as a material,Таблица на 1 кв.м ЛКМ основная.xlsx
29.38775510204081,1,1,property-backed but not confidently classified as a material,Таблица на 1 кв.м ЛКМ основная.xlsx
29.963369963369964,1,1,property-backed but not confidently classified as a material,Таблица на 1 кв.м ЛКМ основная.xlsx
290.3225806451613,1,1,property-backed but not confidently classified as a material,Таблица на 1 кв.м ЛКМ основная.xlsx
292.6829268292683,1,2,property-backed but not confidently classified as a material,Системы 1.xls
2940,1,1,property-backed but not confidently classified as a material,Таблица на 1 кв.м ЛКМ основная.xlsx
295.56650246305423,1,1,property-backed but not confidently classified as a material,Таблица на 1 кв.м ЛКМ основная.xlsx
29628.29736211031,1,2,property-backed but not confidently classified as a material,Таблица на 1 кв.м ЛКМ основная.xlsx
3,1,23,property-backed but not confidently classified as a material,Системы 1.xls | Системы 2.XLSX | Системы 3.xlsx | Системы 4.xlsx | Таблица на 1 кв.м ЛКМ основная.xlsx
"3,2+2,9",1,1,property-backed but not confidently classified as a material,Таблица на 1 кв.м ЛКМ основная.xlsx
3.06,1,2,property-backed but not confidently classified as a material,Таблица на 1 кв.м ЛКМ основная.xlsx
3.1,1,2,property-backed but not confidently classified as a material,Таблица на 1 кв.м ЛКМ основная.xlsx
3.11,1,2,property-backed but not confidently classified as a material,Системы 1.xls
3.19,1,2,property-backed but not confidently classified as a material,Таблица на 1 кв.м ЛКМ основная.xlsx
3.2583170254403133,1,1,property-backed but not confidently classified as a material,Таблица на 1 кв.м ЛКМ основная.xlsx
3.305555555555556,1,2,property-backed but not confidently classified as a material,Таблица на 1 кв.м ЛКМ основная.xlsx
3.3333333333333335,1,1,property-backed but not confidently classified as a material,Таблица на 1 кв.м ЛКМ основная.xlsx
3.36,1,2,property-backed but not confidently classified as a material,Таблица на 1 кв.м ЛКМ основная.xlsx
3.4,1,16,property-backed but not confidently classified as a material,Таблица на 1 кв.м ЛКМ основная.xlsx
3.4285714285714284,1,2,property-backed but not confidently classified as a material,Таблица на 1 кв.м ЛКМ основная.xlsx
3.5,1,2,property-backed but not confidently classified as a material,Таблица на 1 кв.м ЛКМ основная.xlsx
3.555,1,1,property-backed but not confidently classified as a material,Таблица на 1 кв.м ЛКМ основная.xlsx
3.5555555555555554,1,2,property-backed but not confidently classified as a material,Таблица на 1 кв.м ЛКМ основная.xlsx
3.5999999999999996,1,2,property-backed but not confidently classified as a material,Таблица на 1 кв.м ЛКМ основная.xlsx
3.6500000000000004,1,2,property-backed but not confidently classified as a material,Таблица на 1 кв.м ЛКМ основная.xlsx
3.666666666666667,1,2,property-backed but not confidently classified as a material,Таблица на 1 кв.м ЛКМ основная.xlsx
3.670454545454545,1,1,property-backed but not confidently classified as a material,Таблица на 1 кв.м ЛКМ основная.xlsx
3.698630136986301,1,1,property-backed but not confidently classified as a material,Таблица на 1 кв.м ЛКМ основная.xlsx
3.7,1,2,property-backed but not confidently classified as a material,Таблица на 1 кв.м ЛКМ основная.xlsx
3.771428571428571,1,2,property-backed but not confidently classified as a material,Таблица на 1 кв.м ЛКМ основная.xlsx
3.79,1,2,property-backed but not confidently classified as a material,Таблица на 1 кв.м ЛКМ основная.xlsx
3.84,1,1,property-backed but not confidently classified as a material,Таблица на 1 кв.м ЛКМ основная.xlsx
3.8636363636363633,1,1,property-backed but not confidently classified as a material,Таблица на 1 кв.м ЛКМ основная.xlsx
3.925,1,4,property-backed but not confidently classified as a material,Таблица на 1 кв.м ЛКМ основная.xlsx
3.9459459459459456,1,1,property-backed but not confidently classified as a material,Таблица на 1 кв.м ЛКМ основная.xlsx
3.95,1,1,property-backed but not confidently classified as a material,Таблица на 1 кв.м ЛКМ основная.xlsx
30,1,66,property-backed but not confidently classified as a material,Таблица на 1 кв.м ЛКМ основная.xlsx
30.252100840336137,1,1,property-backed but not confidently classified as a material,Таблица на 1 кв.м ЛКМ основная.xlsx
300,1,9,property-backed but not confidently classified as a material,Таблица на 1 кв.м ЛКМ основная.xlsx
3000,1,6,property-backed but not confidently classified as a material,Системы 3.xlsx | Таблица на 1 кв.м ЛКМ основная.xlsx
3001,1,2,property-backed but not confidently classified as a material,Таблица на 1 кв.м ЛКМ основная.xlsx
3003,1,3,property-backed but not confidently classified as a material,Таблица на 1 кв.м ЛКМ основная.xlsx
302.7027027027027,1,1,property-backed but not confidently classified as a material,Таблица на 1 кв.м ЛКМ основная.xlsx
3020,1,13,property-backed but not confidently classified as a material,Таблица на 1 кв.м ЛКМ основная.xlsx
306.4516129032258,1,8,property-backed but not confidently classified as a material,Системы 1.xls
307.5,1,2,property-backed but not confidently classified as a material,Таблица на 1 кв.м ЛКМ основная.xlsx
3100,1,1,property-backed but not confidently classified as a material,Таблица на 1 кв.м ЛКМ основная.xlsx
313.4796238244514,1,1,property-backed but not confidently classified as a material,Таблица на 1 кв.м ЛКМ основная.xlsx
316.0,1,6,property-backed but not confidently classified as a material,Системы 1.xls
3160,1,2,property-backed but not confidently classified as a material,Таблица на 1 кв.м ЛКМ основная.xlsx
317.761690140845,1,1,property-backed but not confidently classified as a material,Таблица на 1 кв.м ЛКМ основная.xlsx
32.14285714285714,1,1,property-backed but not confidently classified as a material,Таблица на 1 кв.м ЛКМ основная.xlsx
32.65306122448979,1,1,property-backed but not confidently classified as a material,Таблица на 1 кв.м ЛКМ основная.xlsx
32.94117647058823,1,2,property-backed but not confidently classified as a material,Таблица на 1 кв.м ЛКМ основная.xlsx
320,1,9,property-backed but not confidently classified as a material,Таблица на 1 кв.м ЛКМ основная.xlsx
3200,1,3,property-backed but not confidently classified as a material,Системы 3.xlsx | Таблица на 1 кв.м ЛКМ основная.xlsx
322,1,2,property-backed but not confidently classified as a material,Таблица на 1 кв.м ЛКМ основная.xlsx
3252,1,4,property-backed but not confidently classified as a material,Таблица на 1 кв.м ЛКМ основная.xlsx
326.79738562091507,1,1,property-backed but not confidently classified as a material,Таблица на 1 кв.м ЛКМ основная.xlsx
33.0,1,6,property-backed but not confidently classified as a material,Системы 1.xls
330,1,2,property-backed but not confidently classified as a material,Таблица на 1 кв.м ЛКМ основная.xlsx
333.3333333333333,1,8,property-backed but not confidently classified as a material,Системы 1.xls
34.52054794520548,1,1,property-backed but not confidently classified as a material,Таблица на 1 кв.м ЛКМ основная.xlsx
340.65934065934067,1,6,property-backed but not confidently classified as a material,Системы 1.xls
342.85714285714283,1,1,property-backed but not confidently classified as a material,Таблица на 1 кв.м ЛКМ основная.xlsx
3450,1,1,property-backed but not confidently classified as a material,Таблица на 1 кв.м ЛКМ основная.xlsx
35,1,1,property-backed but not confidently classified as a material,Таблица на 1 кв.м ЛКМ основная.xlsx
3530,1,4,property-backed but not confidently classified as a material,Таблица на 1 кв.м ЛКМ основная.xlsx
355.55555555555554,1,6,property-backed but not confidently classified as a material,Системы 1.xls
37.0,1,12,property-backed but not confidently classified as a material,Системы 1.xls
3700,1,3,property-backed but not confidently classified as a material,Системы 3.xlsx | Таблица на 1 кв.м ЛКМ основная.xlsx
37409.93213218948,1,1,property-backed but not confidently classified as a material,Таблица на 1 кв.м ЛКМ основная.xlsx
375,1,4,property-backed but not confidently classified as a material,Таблица на 1 кв.м ЛКМ основная.xlsx
376.77031465517246,1,1,property-backed but not confidently classified as a material,Таблица на 1 кв.м ЛКМ основная.xlsx
380,1,3,property-backed but not confidently classified as a material,Таблица на 1 кв.м ЛКМ основная.xlsx
384.2364532019705,1,1,property-backed but not confidently classified as a material,Таблица на 1 кв.м ЛКМ основная.xlsx
392.99999999999994,1,3,property-backed but not confidently classified as a material,Таблица на 1 кв.м ЛКМ основная.xlsx
398.51063829787233,1,1,property-backed but not confidently classified as a material,Таблица на 1 кв.м ЛКМ основная.xlsx
4,1,21,property-backed but not confidently classified as a material,Системы 1.xls | Системы 2.XLSX | Таблица на 1 кв.м ЛКМ основная.xlsx
4.032,1,2,property-backed but not confidently classified as a material,Таблица на 1 кв.м ЛКМ основная.xlsx
4.055555555555555,1,2,property-backed but not confidently classified as a material,Таблица на 1 кв.м ЛКМ основная.xlsx
4.10958904109589,1,1,property-backed but not confidently classified as a material,Таблица на 1 кв.м ЛКМ основная.xlsx
4.111111111111111,1,4,property-backed but not confidently classified as a material,Таблица на 1 кв.м ЛКМ основная.xlsx
4.25,1,8,property-backed but not confidently classified as a material,Таблица на 1 кв.м ЛКМ основная.xlsx
4.258333333333334,1,1,property-backed but not confidently classified as a material,Таблица на 1 кв.м ЛКМ основная.xlsx
4.352941176470588,1,2,property-backed but not confidently classified as a material,Таблица на 1 кв.м ЛКМ основная.xlsx
4.43,1,1,property-backed but not confidently classified as a material,Таблица на 1 кв.м ЛКМ основная.xlsx
4.436450839328537,1,2,property-backed but not confidently classified as a material,Таблица на 1 кв.м ЛКМ основная.xlsx
4.473684210526316,1,2,property-backed but not confidently classified as a material,Таблица на 1 кв.м ЛКМ основная.xlsx
4.53,1,2,property-backed but not confidently classified as a material,Таблица на 1 кв.м ЛКМ основная.xlsx
4.548,1,2,property-backed but not confidently classified as a material,Таблица на 1 кв.м ЛКМ основная.xlsx
4.561643835616438,1,1,property-backed but not confidently classified as a material,Таблица на 1 кв.м ЛКМ основная.xlsx
4.5625,1,4,property-backed but not confidently classified as a material,Таблица на 1 кв.м ЛКМ основная.xlsx
4.608,1,2,property-backed but not confidently classified as a material,Таблица на 1 кв.м ЛКМ основная.xlsx
4.611111111111111,1,2,property-backed but not confidently classified as a material,Таблица на 1 кв.м ЛКМ основная.xlsx
4.7,1,1,property-backed but not confidently classified as a material,Таблица на 1 кв.м ЛКМ основная.xlsx
4.701944462380025,1,1,property-backed but not confidently classified as a material,Таблица на 1 кв.м ЛКМ основная.xlsx
4.714285714285714,1,1,property-backed but not confidently classified as a material,Таблица на 1 кв.м ЛКМ основная.xlsx
4.722222222222222,1,2,property-backed but not confidently classified as a material,Таблица на 1 кв.м ЛКМ основная.xlsx
4.75,1,4,property-backed but not confidently classified as a material,Таблица на 1 кв.м ЛКМ основная.xlsx
4.8,1,2,property-backed but not confidently classified as a material,Таблица на 1 кв.м ЛКМ основная.xlsx
4.857142857142858,1,6,property-backed but not confidently classified as a material,Таблица на 1 кв.м ЛКМ основная.xlsx
4.933333333333333,1,4,property-backed but not confidently classified as a material,Таблица на 1 кв.м ЛКМ основная.xlsx
40,1,18,property-backed but not confidently classified as a material,Таблица на 1 кв.м ЛКМ основная.xlsx
40.0,1,12,property-backed but not confidently classified as a material,Системы 1.xls
400,1,2,property-backed but not confidently classified as a material,Таблица на 1 кв.м ЛКМ основная.xlsx
406.4516129032258,1,1,property-backed but not confidently classified as a material,Таблица на 1 кв.м ЛКМ основная.xlsx
4100,1,2,property-backed but not confidently classified as a material,Системы 3.xlsx
414.0333128078817,1,1,property-backed but not confidently classified as a material,Таблица на 1 кв.м ЛКМ основная.xlsx
417.9894179894179,1,1,property-backed but not confidently classified as a material,Таблица на 1 кв.м ЛКМ основная.xlsx
420,1,44,property-backed but not confidently classified as a material,Таблица на 1 кв.м ЛКМ основная.xlsx
4200,1,5,property-backed but not confidently classified as a material,Системы 3.xlsx | Таблица на 1 кв.м ЛКМ основная.xlsx
422.22222222222223,1,2,property-backed but not confidently classified as a material,Таблица на 1 кв.м ЛКМ основная.xlsx
423,1,36,property-backed but not confidently classified as a material,Таблица на 1 кв.м ЛКМ основная.xlsx
423.07692307692315,1,1,property-backed but not confidently classified as a material,Таблица на 1 кв.м ЛКМ основная.xlsx
424.7311827956989,1,1,property-backed but not confidently classified as a material,Таблица на 1 кв.м ЛКМ основная.xlsx
43,1,1,property-backed but not confidently classified as a material,Таблица на 1 кв.м ЛКМ основная.xlsx
4330,1,1,property-backed but not confidently classified as a material,Таблица на 1 кв.м ЛКМ основная.xlsx
44,1,2,property-backed but not confidently classified as a material,Таблица на 1 кв.м ЛКМ основная.xlsx
44.334975369458135,1,1,property-backed but not confidently classified as a material,Таблица на 1 кв.м ЛКМ основная.xlsx
4436.450839328537,1,1,property-backed but not confidently classified as a material,Таблица на 1 кв.м ЛКМ основная.xlsx
444.44444444444446,1,2,property-backed but not confidently classified as a material,Таблица на 1 кв.м ЛКМ основная.xlsx
45,1,4,property-backed but not confidently classified as a material,Таблица на 1 кв.м ЛКМ основная.xlsx
45.0,1,4,property-backed but not confidently classified as a material,Системы 1.xls
45.37815126050421,1,1,property-backed but not confidently classified as a material,Таблица на 1 кв.м ЛКМ основная.xlsx
450,1,6,property-backed but not confidently classified as a material,Таблица на 1 кв.м ЛКМ основная.xlsx
4500,1,1,property-backed but not confidently classified as a material,Таблица на 1 кв.м ЛКМ основная.xlsx
456,1,1,property-backed but not confidently classified as a material,Таблица на 1 кв.м ЛКМ основная.xlsx
457,1,1,property-backed but not confidently classified as a material,Таблица на 1 кв.м ЛКМ основная.xlsx
46.0,1,10,property-backed but not confidently classified as a material,Системы 1.xls
466.93121693121685,1,1,property-backed but not confidently classified as a material,Таблица на 1 кв.м ЛКМ основная.xlsx
469,1,4,property-backed but not confidently classified as a material,Таблица на 1 кв.м ЛКМ основная.xlsx
47,1,1,property-backed but not confidently classified as a material,Таблица на 1 кв.м ЛКМ основная.xlsx
470,1,1,property-backed but not confidently classified as a material,Таблица на 1 кв.м ЛКМ основная.xlsx
475,1,2,property-backed but not confidently classified as a material,Таблица на 1 кв.м ЛКМ основная.xlsx
476.1904761904762,1,2,property-backed but not confidently classified as a material,Таблица на 1 кв.м ЛКМ основная.xlsx
482,1,3,property-backed but not confidently classified as a material,Таблица на 1 кв.м ЛКМ основная.xlsx
482.99776901408444,1,1,property-backed but not confidently classified as a material,Таблица на 1 кв.м ЛКМ основная.xlsx
483,1,1,property-backed but not confidently classified as a material,Таблица на 1 кв.м ЛКМ основная.xlsx
49,1,2,property-backed but not confidently classified as a material,Таблица на 1 кв.м ЛКМ основная.xlsx
49.41176470588235,1,2,property-backed but not confidently classified as a material,Таблица на 1 кв.м ЛКМ основная.xlsx
490,1,6,property-backed but not confidently classified as a material,Таблица на 1 кв.м ЛКМ основная.xlsx
491.25,1,1,property-backed but not confidently classified as a material,Таблица на 1 кв.м ЛКМ основная.xlsx
5,1,120,property-backed but not confidently classified as a material,Системы 1.xls | Системы 2.XLSX | Системы 3.xlsx | Системы 4.xlsx | Таблица на 1 кв.м ЛКМ основная.xlsx
5.0,1,8,property-backed but not confidently classified as a material,Системы 1.xls
5.029296875000001,1,1,property-backed but not confidently classified as a material,Таблица на 1 кв.м ЛКМ основная.xlsx
5.0359712230215825,1,2,property-backed but not confidently classified as a material,Таблица на 1 кв.м ЛКМ основная.xlsx
5.04,1,4,property-backed but not confidently classified as a material,Таблица на 1 кв.м ЛКМ основная.xlsx
5.071428571428572,1,4,property-backed but not confidently classified as a material,Таблица на 1 кв.м ЛКМ основная.xlsx
5.142857142857142,1,4,property-backed but not confidently classified as a material,Таблица на 1 кв.м ЛКМ основная.xlsx
5.18,1,2,property-backed but not confidently classified as a material,Таблица на 1 кв.м ЛКМ основная.xlsx
5.199999999999999,1,1,property-backed but not confidently classified as a material,Таблица на 1 кв.м ЛКМ основная.xlsx
5.214285714285714,1,4,property-backed but not confidently classified as a material,Таблица на 1 кв.м ЛКМ основная.xlsx
5.25,1,1,property-backed but not confidently classified as a material,Таблица на 1 кв.м ЛКМ основная.xlsx
5.285714285714286,1,19,property-backed but not confidently classified as a material,Таблица на 1 кв.м ЛКМ основная.xlsx
5.3014648460730704,1,1,property-backed but not confidently classified as a material,Таблица на 1 кв.м ЛКМ основная.xlsx
5.3999999999999995,1,1,property-backed but not confidently classified as a material,Таблица на 1 кв.м ЛКМ основная.xlsx
5.4,1,1,property-backed but not confidently classified as a material,Таблица на 1 кв.м ЛКМ основная.xlsx
5.428571428571429,1,2,property-backed but not confidently classified as a material,Таблица на 1 кв.м ЛКМ основная.xlsx
5.5,1,4,property-backed but not confidently classified as a material,Таблица на 1 кв.м ЛКМ основная.xlsx
5.571428571428571,1,2,property-backed but not confidently classified as a material,Таблица на 1 кв.м ЛКМ основная.xlsx
5.588107638888889,1,1,property-backed but not confidently classified as a material,Таблица на 1 кв.м ЛКМ основная.xlsx
5.6,1,2,property-backed but not confidently classified as a material,Таблица на 1 кв.м ЛКМ основная.xlsx
5.67,1,4,property-backed but not confidently classified as a material,Таблица на 1 кв.м ЛКМ основная.xlsx
5.692307692307692,1,2,property-backed but not confidently classified as a material,Таблица на 1 кв.м ЛКМ основная.xlsx
5.714285714285714,1,5,property-backed but not confidently classified as a material,Таблица на 1 кв.м ЛКМ основная.xlsx
5.7477678571428585,1,1,property-backed but not confidently classified as a material,Таблица на 1 кв.м ЛКМ основная.xlsx
5.76,1,2,property-backed but not confidently classified as a material,Таблица на 1 кв.м ЛКМ основная.xlsx
5.799999999999999,1,1,property-backed but not confidently classified as a material,Таблица на 1 кв.м ЛКМ основная.xlsx
5.8,1,13,property-backed but not confidently classified as a material,Таблица на 1 кв.м ЛКМ основная.xlsx
5.833333333333334,1,32,property-backed but not confidently classified as a material,Таблица на 1 кв.м ЛКМ основная.xlsx
5.840000000000001,1,4,property-backed but not confidently classified as a material,Таблица на 1 кв.м ЛКМ основная.xlsx
5.916666666666667,1,2,property-backed but not confidently classified as a material,Таблица на 1 кв.м ЛКМ основная.xlsx
5.92,1,2,property-backed but not confidently classified as a material,Таблица на 1 кв.м ЛКМ основная.xlsx
50,1,87,property-backed but not confidently classified as a material,Системы 2.XLSX | Системы 3.xlsx | Системы 4.xlsx | Таблица на 1 кв.м ЛКМ основная.xlsx
50.0,1,7,property-backed but not confidently classified as a material,Системы 1.xls
500,1,61,property-backed but not confidently classified as a material,Таблица на 1 кв.м ЛКМ основная.xlsx
5003,1,2,property-backed but not confidently classified as a material,Таблица на 1 кв.м ЛКМ основная.xlsx
5005,1,10,property-backed but not confidently classified as a material,Таблица на 1 кв.м ЛКМ основная.xlsx
5024,1,1,property-backed but not confidently classified as a material,Таблица на 1 кв.м ЛКМ основная.xlsx
5035.971223021583,1,3,property-backed but not confidently classified as a material,Таблица на 1 кв.м ЛКМ основная.xlsx
504,1,2,property-backed but not confidently classified as a material,Таблица на 1 кв.м ЛКМ основная.xlsx
510,1,5,property-backed but not confidently classified as a material,Таблица на 1 кв.м ЛКМ основная.xlsx
511,1,2,property-backed but not confidently classified as a material,Таблица на 1 кв.м ЛКМ основная.xlsx
511.875,1,2,property-backed but not confidently classified as a material,Таблица на 1 кв.м ЛКМ основная.xlsx
513,1,1,property-backed but not confidently classified as a material,Таблица на 1 кв.м ЛКМ основная.xlsx
515,1,4,property-backed but not confidently classified as a material,Таблица на 1 кв.м ЛКМ основная.xlsx
515.806104109589,1,1,property-backed but not confidently classified as a material,Таблица на 1 кв.м ЛКМ основная.xlsx
518,1,2,property-backed but not confidently classified as a material,Таблица на 1 кв.м ЛКМ основная.xlsx
518.063829787234,1,1,property-backed but not confidently classified as a material,Таблица на 1 кв.м ЛКМ основная.xlsx
519.14,1,1,property-backed but not confidently classified as a material,Таблица на 1 кв.м ЛКМ основная.xlsx
51914,1,1,property-backed but not confidently classified as a material,Таблица на 1 кв.м ЛКМ основная.xlsx
52,1,1,property-backed but not confidently classified as a material,Таблица на 1 кв.м ЛКМ основная.xlsx
520,1,2,property-backed but not confidently classified as a material,Таблица на 1 кв.м ЛКМ основная.xlsx
524,1,1,property-backed but not confidently classified as a material,Таблица на 1 кв.м ЛКМ основная.xlsx
526.3157894736842,1,1,property-backed but not confidently classified as a material,Таблица на 1 кв.м ЛКМ основная.xlsx
526.332759295499,1,1,property-backed but not confidently classified as a material,Таблица на 1 кв.м ЛКМ основная.xlsx
532,1,2,property-backed but not confidently classified as a material,Таблица на 1 кв.м ЛКМ основная.xlsx
537.5,1,7,property-backed but not confidently classified as a material,Таблица на 1 кв.м ЛКМ основная.xlsx
539.1,1,1,property-backed but not confidently classified as a material,Таблица на 1 кв.м ЛКМ основная.xlsx
54,1,10,property-backed but not confidently classified as a material,Таблица на 1 кв.м ЛКМ основная.xlsx
54.0,1,9,property-backed but not confidently classified as a material,Системы 1.xls
54.054054054054056,1,1,property-backed but not confidently classified as a material,Таблица на 1 кв.м ЛКМ основная.xlsx
54.51882352941176,1,1,property-backed but not confidently classified as a material,Таблица на 1 кв.м ЛКМ основная.xlsx
540,1,1,property-backed but not confidently classified as a material,Таблица на 1 кв.м ЛКМ основная.xlsx
540.625,1,5,property-backed but not confidently classified as a material,Таблица на 1 кв.м ЛКМ основная.xlsx
546.92,1,1,property-backed but not confidently classified as a material,Таблица на 1 кв.м ЛКМ основная.xlsx
55,1,10,property-backed but not confidently classified as a material,Таблица на 1 кв.м ЛКМ основная.xlsx
550,1,11,property-backed but not confidently classified as a material,Таблица на 1 кв.м ЛКМ основная.xlsx
550.0000000000001,1,1,property-backed but not confidently classified as a material,Таблица на 1 кв.м ЛКМ основная.xlsx
552.6315789473684,1,1,property-backed but not confidently classified as a material,Таблица на 1 кв.м ЛКМ основная.xlsx
554.4,1,1,property-backed but not confidently classified as a material,Таблица на 1 кв.м ЛКМ основная.xlsx
555.83,1,2,property-backed but not confidently classified as a material,Таблица на 1 кв.м ЛКМ основная.xlsx
558.8272727272728,1,1,property-backed but not confidently classified as a material,Таблица на 1 кв.м ЛКМ основная.xlsx
56,1,2,property-backed but not confidently classified as a material,Таблица на 1 кв.м ЛКМ основная.xlsx
560,1,3,property-backed but not confidently classified as a material,Таблица на 1 кв.м ЛКМ основная.xlsx
565,1,1,property-backed but not confidently classified as a material,Таблица на 1 кв.м ЛКМ основная.xlsx
567.0682730923694,1,1,property-backed but not confidently classified as a material,Таблица на 1 кв.м ЛКМ основная.xlsx
568.75,1,4,property-backed but not confidently classified as a material,Таблица на 1 кв.м ЛКМ основная.xlsx
57,1,2,property-backed but not confidently classified as a material,Таблица на 1 кв.м ЛКМ основная.xlsx
57.0,1,9,property-backed but not confidently classified as a material,Системы 1.xls
57.63546798029558,1,1,property-backed but not confidently classified as a material,Таблица на 1 кв.м ЛКМ основная.xlsx
570,1,4,property-backed but not confidently classified as a material,Таблица на 1 кв.м ЛКМ основная.xlsx
572,1,1,property-backed but not confidently classified as a material,Таблица на 1 кв.м ЛКМ основная.xlsx
572.18,1,1,property-backed but not confidently classified as a material,Таблица на 1 кв.м ЛКМ основная.xlsx
573,1,2,property-backed but not confidently classified as a material,Таблица на 1 кв.м ЛКМ основная.xlsx
58,1,72,property-backed but not confidently classified as a material,Системы 3.xlsx | Таблица на 1 кв.м ЛКМ основная.xlsx
58.0,1,14,property-backed but not confidently classified as a material,Системы 1.xls
58/73/58,1,1,property-backed but not confidently classified as a material,Системы 4.xlsx
581.1481481481482,1,1,property-backed but not confidently classified as a material,Таблица на 1 кв.м ЛКМ основная.xlsx
582.35,1,4,property-backed but not confidently classified as a material,Таблица на 1 кв.м ЛКМ основная.xlsx
585,1,2,property-backed but not confidently classified as a material,Таблица на 1 кв.м ЛКМ основная.xlsx
586.5,1,1,property-backed but not confidently classified as a material,Таблица на 1 кв.м ЛКМ основная.xlsx
588,1,1,property-backed but not confidently classified as a material,Таблица на 1 кв.м ЛКМ основная.xlsx
59,1,2,property-backed but not confidently classified as a material,Таблица на 1 кв.м ЛКМ основная.xlsx
59.0,1,4,property-backed but not confidently classified as a material,Системы 1.xls
590,1,1,property-backed but not confidently classified as a material,Таблица на 1 кв.м ЛКМ основная.xlsx
594.6236559139784,1,1,property-backed but not confidently classified as a material,Таблица на 1 кв.м ЛКМ основная.xlsx
599.2673992673992,1,1,property-backed but not confidently classified as a material,Таблица на 1 кв.м ЛКМ основная.xlsx
6,1,46,property-backed but not confidently classified as a material,Системы 1.xls | Системы 2.XLSX | Системы 3.xlsx | Системы 4.xlsx | Таблица на 1 кв.м ЛКМ основная.xlsx
6.071428571428571,1,5,property-backed but not confidently classified as a material,Таблица на 1 кв.м ЛКМ основная.xlsx
6.083333333333334,1,13,property-backed but not confidently classified as a material,Таблица на 1 кв.м ЛКМ основная.xlsx
6.166666666666666,1,22,property-backed but not confidently classified as a material,Таблица на 1 кв.м ЛКМ основная.xlsx
6.214285714285714,1,2,property-backed but not confidently classified as a material,Таблица на 1 кв.м ЛКМ основная.xlsx
6.2250000000000005,1,1,property-backed but not confidently classified as a material,Таблица на 1 кв.м ЛКМ основная.xlsx
6.3,1,1,property-backed but not confidently classified as a material,Таблица на 1 кв.м ЛКМ основная.xlsx
6.300000000000001,1,4,property-backed but not confidently classified as a material,Таблица на 1 кв.м ЛКМ основная.xlsx
6.333333333333334,1,4,property-backed but not confidently classified as a material,Таблица на 1 кв.м ЛКМ основная.xlsx
6.386408730158731,1,1,property-backed but not confidently classified as a material,Таблица на 1 кв.м ЛКМ основная.xlsx
6.3875,1,1,property-backed but not confidently classified as a material,Таблица на 1 кв.м ЛКМ основная.xlsx
6.545454545454545,1,4,property-backed but not confidently classified as a material,Таблица на 1 кв.м ЛКМ основная.xlsx
6.636363636363637,1,8,property-backed but not confidently classified as a material,Таблица на 1 кв.м ЛКМ основная.xlsx
6.666666666666667,1,4,property-backed but not confidently classified as a material,Таблица на 1 кв.м ЛКМ основная.xlsx
6.766666666666666,1,6,property-backed but not confidently classified as a material,Таблица на 1 кв.м ЛКМ основная.xlsx
6.875,1,4,property-backed but not confidently classified as a material,Таблица на 1 кв.м ЛКМ основная.xlsx
60,1,165,property-backed but not confidently classified as a material,Системы 2.XLSX | Системы 3.xlsx | Системы 4.xlsx | Таблица на 1 кв.м ЛКМ основная.xlsx
60.0,1,15,property-backed but not confidently classified as a material,Системы 1.xls
600,1,2,property-backed but not confidently classified as a material,Таблица на 1 кв.м ЛКМ основная.xlsx
600.6,1,2,property-backed but not confidently classified as a material,Таблица на 1 кв.м ЛКМ основная.xlsx
6000,1,1,property-backed but not confidently classified as a material,Таблица на 1 кв.м ЛКМ основная.xlsx
6024,1,3,property-backed but not confidently classified as a material,Таблица на 1 кв.м ЛКМ основная.xlsx
6032,1,4,property-backed but not confidently classified as a material,Таблица на 1 кв.м ЛКМ основная.xlsx
605.0420168067227,1,1,property-backed but not confidently classified as a material,Таблица на 1 кв.м ЛКМ основная.xlsx
608,1,1,property-backed but not confidently classified as a material,Таблица на 1 кв.м ЛКМ основная.xlsx
609.7560975609756,1,1,property-backed but not confidently classified as a material,Таблица на 1 кв.м ЛКМ основная.xlsx
609.996,1,1,property-backed but not confidently classified as a material,Таблица на 1 кв.м ЛКМ основная.xlsx
610,1,3,property-backed but not confidently classified as a material,Таблица на 1 кв.м ЛКМ основная.xlsx
611,1,2,property-backed but not confidently classified as a material,Таблица на 1 кв.м ЛКМ основная.xlsx
612.5,1,1,property-backed but not confidently classified as a material,Таблица на 1 кв.м ЛКМ основная.xlsx
615,1,1,property-backed but not confidently classified as a material,Таблица на 1 кв.м ЛКМ основная.xlsx
617.45,1,2,property-backed but not confidently classified as a material,Таблица на 1 кв.м ЛКМ основная.xlsx
617.5,1,2,property-backed but not confidently classified as a material,Таблица на 1 кв.м ЛКМ основная.xlsx
62,1,2,property-backed but not confidently classified as a material,Таблица на 1 кв.м ЛКМ основная.xlsx
62.0,1,21,property-backed but not confidently classified as a material,Системы 1.xls
62.5,1,12,property-backed but not confidently classified as a material,Системы 1.xls
620,1,2,property-backed but not confidently classified as a material,Таблица на 1 кв.м ЛКМ основная.xlsx
626.6,1,1,property-backed but not confidently classified as a material,Таблица на 1 кв.м ЛКМ основная.xlsx
627,1,2,property-backed but not confidently classified as a material,Таблица на 1 кв.м ЛКМ основная.xlsx
628,1,6,property-backed but not confidently classified as a material,Таблица на 1 кв.м ЛКМ основная.xlsx
628.8,1,3,property-backed but not confidently classified as a material,Таблица на 1 кв.м ЛКМ основная.xlsx
63,1,58,property-backed but not confidently classified as a material,Системы 3.xlsx | Таблица на 1 кв.м ЛКМ основная.xlsx
63.0,1,36,property-backed but not confidently classified as a material,Системы 1.xls
630,1,2,property-backed but not confidently classified as a material,Таблица на 1 кв.м ЛКМ основная.xlsx
638.4,1,1,property-backed but not confidently classified as a material,Таблица на 1 кв.м ЛКМ основная.xlsx
64,1,4,property-backed but not confidently classified as a material,Таблица на 1 кв.м ЛКМ основная.xlsx
64.0,1,5,property-backed but not confidently classified as a material,Системы 1.xls
640,1,2,property-backed but not confidently classified as a material,Таблица на 1 кв.м ЛКМ основная.xlsx
642,1,1,property-backed but not confidently classified as a material,Таблица на 1 кв.м ЛКМ основная.xlsx
65,1,11,property-backed but not confidently classified as a material,Таблица на 1 кв.м ЛКМ основная.xlsx
65.0,1,34,property-backed but not confidently classified as a material,Системы 1.xls
650,1,3,property-backed but not confidently classified as a material,Таблица на 1 кв.м ЛКМ основная.xlsx
653.3333333333334,1,1,property-backed but not confidently classified as a material,Таблица на 1 кв.м ЛКМ основная.xlsx
659.9956,1,1,property-backed but not confidently classified as a material,Таблица на 1 кв.м ЛКМ основная.xlsx
66,1,2,property-backed but not confidently classified as a material,Таблица на 1 кв.м ЛКМ основная.xlsx
66.44953560371518,1,1,property-backed but not confidently classified as a material,Таблица на 1 кв.м ЛКМ основная.xlsx
660,1,1,property-backed but not confidently classified as a material,Таблица на 1 кв.м ЛКМ основная.xlsx
662.1717171717172,1,1,property-backed but not confidently classified as a material,Таблица на 1 кв.м ЛКМ основная.xlsx
666.6666666666666,1,1,property-backed but not confidently classified as a material,Таблица на 1 кв.м ЛКМ основная.xlsx
668.7830687830688,1,1,property-backed but not confidently classified as a material,Таблица на 1 кв.м ЛКМ основная.xlsx
668.8,1,1,property-backed but not confidently classified as a material,Таблица на 1 кв.м ЛКМ основная.xlsx
66880,1,1,property-backed but not confidently classified as a material,Таблица на 1 кв.м ЛКМ основная.xlsx
67,1,6,property-backed but not confidently classified as a material,Таблица на 1 кв.м ЛКМ основная.xlsx
67.0,1,8,property-backed but not confidently classified as a material,Системы 1.xls
67.5,1,1,property-backed but not confidently classified as a material,Таблица на 1 кв.м ЛКМ основная.xlsx
670,1,9,property-backed but not confidently classified as a material,Таблица на 1 кв.м ЛКМ основная.xlsx
672,1,2,property-backed but not confidently classified as a material,Таблица на 1 кв.м ЛКМ основная.xlsx
67239.01,1,2,property-backed but not confidently classified as a material,Таблица на 1 кв.м ЛКМ основная.xlsx
676,1,6,property-backed but not confidently classified as a material,Таблица на 1 кв.м ЛКМ основная.xlsx
677,1,1,property-backed but not confidently classified as a material,Таблица на 1 кв.м ЛКМ основная.xlsx
68,1,2,property-backed but not confidently classified as a material,Таблица на 1 кв.м ЛКМ основная.xlsx
68.0,1,29,property-backed but not confidently classified as a material,Системы 1.xls
682,1,1,property-backed but not confidently classified as a material,Таблица на 1 кв.м ЛКМ основная.xlsx
686,1,2,property-backed but not confidently classified as a material,Таблица на 1 кв.м ЛКМ основная.xlsx
690,1,2,property-backed but not confidently classified as a material,Таблица на 1 кв.м ЛКМ основная.xlsx
6900,1,1,property-backed but not confidently classified as a material,Таблица на 1 кв.м ЛКМ основная.xlsx
691.13,1,1,property-backed but not confidently classified as a material,Таблица на 1 кв.м ЛКМ основная.xlsx
695.6,1,1,property-backed but not confidently classified as a material,Таблица на 1 кв.м ЛКМ основная.xlsx
7,1,23,property-backed but not confidently classified as a material,Системы 1.xls | Системы 2.XLSX | Системы 3.xlsx | Таблица на 1 кв.м ЛКМ основная.xlsx
7.166666666666667,1,2,property-backed but not confidently classified as a material,Таблица на 1 кв.м ЛКМ основная.xlsx
7.194244604316546,1,2,property-backed but not confidently classified as a material,Таблица на 1 кв.м ЛКМ основная.xlsx
7.199999999999999,1,1,property-backed but not confidently classified as a material,Таблица на 1 кв.м ЛКМ основная.xlsx
7.300000000000001,1,2,property-backed but not confidently classified as a material,Таблица на 1 кв.м ЛКМ основная.xlsx
7.35,1,3,property-backed but not confidently classified as a material,Таблица на 1 кв.м ЛКМ основная.xlsx
7.39,1,1,property-backed but not confidently classified as a material,Таблица на 1 кв.м ЛКМ основная.xlsx
7.3999999999999995,1,4,property-backed but not confidently classified as a material,Таблица на 1 кв.м ЛКМ основная.xlsx
7.44,1,1,property-backed but not confidently classified as a material,Таблица на 1 кв.м ЛКМ основная.xlsx
7.459738227368034,1,1,property-backed but not confidently classified as a material,Таблица на 1 кв.м ЛКМ основная.xlsx
7.560000000000001,1,2,property-backed but not confidently classified as a material,Таблица на 1 кв.м ЛКМ основная.xlsx
7.7142857142857135,1,2,property-backed but not confidently classified as a material,Таблица на 1 кв.м ЛКМ основная.xlsx
7.7333333333333325,1,4,property-backed but not confidently classified as a material,Таблица на 1 кв.м ЛКМ основная.xlsx
7.816666666666667,1,1,property-backed but not confidently classified as a material,Таблица на 1 кв.м ЛКМ основная.xlsx
7.833333333333334,1,1,property-backed but not confidently classified as a material,Таблица на 1 кв.м ЛКМ основная.xlsx
70,1,6,property-backed but not confidently classified as a material,Таблица на 1 кв.м ЛКМ основная.xlsx
700,1,12,property-backed but not confidently classified as a material,Таблица на 1 кв.м ЛКМ основная.xlsx
7000,1,1,property-backed but not confidently classified as a material,Таблица на 1 кв.м ЛКМ основная.xlsx
7001,1,2,property-backed but not confidently classified as a material,Таблица на 1 кв.м ЛКМ основная.xlsx
70037,1,1,property-backed but not confidently classified as a material,Таблица на 1 кв.м ЛКМ основная.xlsx
7004,1,15,property-backed but not confidently classified as a material,Таблица на 1 кв.м ЛКМ основная.xlsx
703.5,1,4,property-backed but not confidently classified as a material,Таблица на 1 кв.м ЛКМ основная.xlsx
7035,1,8,property-backed but not confidently classified as a material,Таблица на 1 кв.м ЛКМ основная.xlsx
7036,1,10,property-backed but not confidently classified as a material,Таблица на 1 кв.м ЛКМ основная.xlsx
7037,1,7,property-backed but not confidently classified as a material,Таблица на 1 кв.м ЛКМ основная.xlsx
7040,1,16,property-backed but not confidently classified as a material,Таблица на 1 кв.м ЛКМ основная.xlsx
7042,1,1,property-backed but not confidently classified as a material,Таблица на 1 кв.м ЛКМ основная.xlsx
7047,1,6,property-backed but not confidently classified as a material,Таблица на 1 кв.м ЛКМ основная.xlsx
705.5999999999999,1,1,property-backed but not confidently classified as a material,Таблица на 1 кв.м ЛКМ основная.xlsx
706.4285714285714,1,2,property-backed but not confidently classified as a material,Таблица на 1 кв.м ЛКМ основная.xlsx
708,1,1,property-backed but not confidently classified as a material,Таблица на 1 кв.м ЛКМ основная.xlsx
71,1,3,property-backed but not confidently classified as a material,Таблица на 1 кв.м ЛКМ основная.xlsx
71.0,1,2,property-backed but not confidently classified as a material,Системы 1.xls
714,1,3,property-backed but not confidently classified as a material,Таблица на 1 кв.м ЛКМ основная.xlsx
716,1,2,property-backed but not confidently classified as a material,Таблица на 1 кв.м ЛКМ основная.xlsx
718.1999999999999,1,1,property-backed but not confidently classified as a material,Таблица на 1 кв.м ЛКМ основная.xlsx
7194.244604316546,1,1,property-backed but not confidently classified as a material,Таблица на 1 кв.м ЛКМ основная.xlsx
72,1,16,property-backed but not confidently classified as a material,Таблица на 1 кв.м ЛКМ основная.xlsx
72.0,1,57,property-backed but not confidently classified as a material,Системы 1.xls
720,1,3,property-backed but not confidently classified as a material,Таблица на 1 кв.м ЛКМ основная.xlsx
721.5,1,1,property-backed but not confidently classified as a material,Таблица на 1 кв.м ЛКМ основная.xlsx
723,1,2,property-backed but not confidently classified as a material,Таблица на 1 кв.м ЛКМ основная.xlsx
724.56,1,1,property-backed but not confidently classified as a material,Таблица на 1 кв.м ЛКМ основная.xlsx
725,1,12,property-backed but not confidently classified as a material,Таблица на 1 кв.м ЛКМ основная.xlsx
726.9176470588235,1,1,property-backed but not confidently classified as a material,Таблица на 1 кв.м ЛКМ основная.xlsx
727,1,2,property-backed but not confidently classified as a material,Таблица на 1 кв.м ЛКМ основная.xlsx
729.4652777777778,1,3,property-backed but not confidently classified as a material,Таблица на 1 кв.м ЛКМ основная.xlsx
73,1,44,property-backed but not confidently classified as a material,Системы 3.xlsx | Таблица на 1 кв.м ЛКМ основная.xlsx
73.0,1,29,property-backed but not confidently classified as a material,Системы 1.xls
73.52941176470588,1,1,property-backed but not confidently classified as a material,Системы 1.xls
73/58,1,4,property-backed but not confidently classified as a material,Системы 4.xlsx
732,1,1,property-backed but not confidently classified as a material,Таблица на 1 кв.м ЛКМ основная.xlsx
733.3333333333334,1,1,property-backed but not confidently classified as a material,Таблица на 1 кв.м ЛКМ основная.xlsx
734.4,1,1,property-backed but not confidently classified as a material,Таблица на 1 кв.м ЛКМ основная.xlsx
735,1,1,property-backed but not confidently classified as a material,Таблица на 1 кв.м ЛКМ основная.xlsx
739,1,6,property-backed but not confidently classified as a material,Таблица на 1 кв.м ЛКМ основная.xlsx
739.5,1,1,property-backed but not confidently classified as a material,Таблица на 1 кв.м ЛКМ основная.xlsx
74,1,45,property-backed but not confidently classified as a material,Системы 3.xlsx | Таблица на 1 кв.м ЛКМ основная.xlsx
74.0,1,60,property-backed but not confidently classified as a material,Системы 1.xls
74.5,1,18,property-backed but not confidently classified as a material,Системы 1.xls
740,1,1,property-backed but not confidently classified as a material,Таблица на 1 кв.м ЛКМ основная.xlsx
740.5,1,2,property-backed but not confidently classified as a material,Таблица на 1 кв.м ЛКМ основная.xlsx
741,1,2,property-backed but not confidently classified as a material,Таблица на 1 кв.м ЛКМ основная.xlsx
741.6666666666667,1,2,property-backed but not confidently classified as a material,Таблица на 1 кв.м ЛКМ основная.xlsx
744.8,1,1,property-backed but not confidently classified as a material,Таблица на 1 кв.м ЛКМ основная.xlsx
747.0500000000001,1,6,property-backed but not confidently classified as a material,Таблица на 1 кв.м ЛКМ основная.xlsx
75,1,5,property-backed but not confidently classified as a material,Таблица на 1 кв.м ЛКМ основная.xlsx
75.0,1,36,property-backed but not confidently classified as a material,Системы 1.xls
750,1,1,property-backed but not confidently classified as a material,Таблица на 1 кв.м ЛКМ основная.xlsx
751.5789473684212,1,1,property-backed but not confidently classified as a material,Таблица на 1 кв.м ЛКМ основная.xlsx
751.8000000000001,1,1,property-backed but not confidently classified as a material,Таблица на 1 кв.м ЛКМ основная.xlsx
7535.406293103449,1,1,property-backed but not confidently classified as a material,Таблица на 1 кв.м ЛКМ основная.xlsx
756,1,1,property-backed but not confidently classified as a material,Таблица на 1 кв.м ЛКМ основная.xlsx
757.0550000000001,1,4,property-backed but not confidently classified as a material,Таблица на 1 кв.м ЛКМ основная.xlsx
758,1,3,property-backed but not confidently classified as a material,Таблица на 1 кв.м ЛКМ основная.xlsx
76,1,1,property-backed but not confidently classified as a material,Таблица на 1 кв.м ЛКМ основная.xlsx
76.0,1,2,property-backed but not confidently classified as a material,Системы 1.xls
76.92307692307692,1,3,property-backed but not confidently classified as a material,Системы 1.xls
760,1,1,property-backed but not confidently classified as a material,Таблица на 1 кв.м ЛКМ основная.xlsx
764.1583333333333,1,1,property-backed but not confidently classified as a material,Таблица на 1 кв.м ЛКМ основная.xlsx
764.4,1,2,property-backed but not confidently classified as a material,Таблица на 1 кв.м ЛКМ основная.xlsx
766.5,1,2,property-backed but not confidently classified as a material,Таблица на 1 кв.м ЛКМ основная.xlsx
77,1,1,property-backed but not confidently classified as a material,Таблица на 1 кв.м ЛКМ основная.xlsx
77.6470588235294,1,1,property-backed but not confidently classified as a material,Таблица на 1 кв.м ЛКМ основная.xlsx
770,1,8,property-backed but not confidently classified as a material,Таблица на 1 кв.м ЛКМ основная.xlsx
777,1,2,property-backed but not confidently classified as a material,Таблица на 1 кв.м ЛКМ основная.xlsx
778,1,1,property-backed but not confidently classified as a material,Таблица на 1 кв.м ЛКМ основная.xlsx
778.8,1,1,property-backed but not confidently classified as a material,Таблица на 1 кв.м ЛКМ основная.xlsx
78,1,1,property-backed but not confidently classified as a material,Таблица на 1 кв.м ЛКМ основная.xlsx
780,1,4,property-backed but not confidently classified as a material,Таблица на 1 кв.м ЛКМ основная.xlsx
784,1,2,property-backed but not confidently classified as a material,Таблица на 1 кв.м ЛКМ основная.xlsx
784.5500000000001,1,2,property-backed but not confidently classified as a material,Таблица на 1 кв.м ЛКМ основная.xlsx
785.7142857142858,1,1,property-backed but not confidently classified as a material,Таблица на 1 кв.м ЛКМ основная.xlsx
786,1,3,property-backed but not confidently classified as a material,Таблица на 1 кв.м ЛКМ основная.xlsx
788.7152777777778,1,4,property-backed but not confidently classified as a material,Таблица на 1 кв.м ЛКМ основная.xlsx
79,1,1,property-backed but not confidently classified as a material,Таблица на 1 кв.м ЛКМ основная.xlsx
79.36507936507937,1,15,property-backed but not confidently classified as a material,Системы 1.xls | Таблица на 1 кв.м ЛКМ основная.xlsx
790,1,1,property-backed but not confidently classified as a material,Таблица на 1 кв.м ЛКМ основная.xlsx
791.4285714285714,1,4,property-backed but not confidently classified as a material,Таблица на 1 кв.м ЛКМ основная.xlsx
793,1,2,property-backed but not confidently classified as a material,Таблица на 1 кв.м ЛКМ основная.xlsx
793.7142857142858,1,3,property-backed but not confidently classified as a material,Таблица на 1 кв.м ЛКМ основная.xlsx
796.48,1,1,property-backed but not confidently classified as a material,Таблица на 1 кв.м ЛКМ основная.xlsx
798,1,3,property-backed but not confidently classified as a material,Таблица на 1 кв.м ЛКМ основная.xlsx
8,1,15,property-backed but not confidently classified as a material,Системы 1.xls | Системы 2.XLSX | Системы 3.xlsx | Системы 4.xlsx
8.11111111111111,1,4,property-backed but not confidently classified as a material,Таблица на 1 кв.м ЛКМ основная.xlsx
8.120000000000001,1,1,property-backed but not confidently classified as a material,Таблица на 1 кв.м ЛКМ основная.xlsx
8.273381294964029,1,2,property-backed but not confidently classified as a material,Таблица на 1 кв.м ЛКМ основная.xlsx
8.333333333333334,1,32,property-backed but not confidently classified as a material,Таблица на 1 кв.м ЛКМ основная.xlsx
8.375,1,4,property-backed but not confidently classified as a material,Таблица на 1 кв.м ЛКМ основная.xlsx
8.393285371702637,1,2,property-backed but not confidently classified as a material,Таблица на 1 кв.м ЛКМ основная.xlsx
8.41,1,1,property-backed but not confidently classified as a material,Таблица на 1 кв.м ЛКМ основная.xlsx
8.5,1,2,property-backed but not confidently classified as a material,Таблица на 1 кв.м ЛКМ основная.xlsx
8.538874918015518,1,1,property-backed but not confidently classified as a material,Таблица на 1 кв.м ЛКМ основная.xlsx
8.571428571428571,1,2,property-backed but not confidently classified as a material,Таблица на 1 кв.м ЛКМ основная.xlsx
8.658778994754126,1,1,property-backed but not confidently classified as a material,Таблица на 1 кв.м ЛКМ основная.xlsx
8.666666666666666,1,1,property-backed but not confidently classified as a material,Таблица на 1 кв.м ЛКМ основная.xlsx
8.933333333333334,1,2,property-backed but not confidently classified as a material,Таблица на 1 кв.м ЛКМ основная.xlsx
80,1,28,property-backed but not confidently classified as a material,Таблица на 1 кв.м ЛКМ основная.xlsx
80.0,1,37,property-backed but not confidently classified as a material,Системы 1.xls
80.64516129032258,1,1,property-backed but not confidently classified as a material,Таблица на 1 кв.м ЛКМ основная.xlsx
802,1,1,property-backed but not confidently classified as a material,Таблица на 1 кв.м ЛКМ основная.xlsx
802.1999999999999,1,1,property-backed but not confidently classified as a material,Таблица на 1 кв.м ЛКМ основная.xlsx
802.6850000000001,1,2,property-backed but not confidently classified as a material,Таблица на 1 кв.м ЛКМ основная.xlsx
802.835069984448,1,1,property-backed but not confidently classified as a material,Таблица на 1 кв.м ЛКМ основная.xlsx
805,1,1,property-backed but not confidently classified as a material,Таблица на 1 кв.м ЛКМ основная.xlsx
805.1,1,4,property-backed but not confidently classified as a material,Таблица на 1 кв.м ЛКМ основная.xlsx
806,1,1,property-backed but not confidently classified as a material,Таблица на 1 кв.м ЛКМ основная.xlsx
807.1394927536232,1,1,property-backed but not confidently classified as a material,Таблица на 1 кв.м ЛКМ основная.xlsx
81.63265306122449,1,1,property-backed but not confidently classified as a material,Таблица на 1 кв.м ЛКМ основная.xlsx
810,1,1,property-backed but not confidently classified as a material,Таблица на 1 кв.м ЛКМ основная.xlsx
814.5500000000001,1,4,property-backed but not confidently classified as a material,Таблица на 1 кв.м ЛКМ основная.xlsx
815.2866242038216,1,3,property-backed but not confidently classified as a material,Таблица на 1 кв.м ЛКМ основная.xlsx
818,1,2,property-backed but not confidently classified as a material,Таблица на 1 кв.м ЛКМ основная.xlsx
819,1,3,property-backed but not confidently classified as a material,Таблица на 1 кв.м ЛКМ основная.xlsx
819.432,1,1,property-backed but not confidently classified as a material,Таблица на 1 кв.м ЛКМ основная.xlsx
82,1,1,property-backed but not confidently classified as a material,Таблица на 1 кв.м ЛКМ основная.xlsx
82.0,1,2,property-backed but not confidently classified as a material,Системы 1.xls
82.1917808219178,1,1,property-backed but not confidently classified as a material,Таблица на 1 кв.м ЛКМ основная.xlsx
820,1,2,property-backed but not confidently classified as a material,Таблица на 1 кв.м ЛКМ основная.xlsx
825,1,3,property-backed but not confidently classified as a material,Таблица на 1 кв.м ЛКМ основная.xlsx
826,1,1,property-backed but not confidently classified as a material,Таблица на 1 кв.м ЛКМ основная.xlsx
8273.381294964029,1,1,property-backed but not confidently classified as a material,Таблица на 1 кв.м ЛКМ основная.xlsx
828.0500000000001,1,4,property-backed but not confidently classified as a material,Таблица на 1 кв.м ЛКМ основная.xlsx
8280.666256157634,1,1,property-backed but not confidently classified as a material,Таблица на 1 кв.м ЛКМ основная.xlsx
829.5,1,1,property-backed but not confidently classified as a material,Таблица на 1 кв.м ЛКМ основная.xlsx
83,1,4,property-backed but not confidently classified as a material,Таблица на 1 кв.м ЛКМ основная.xlsx
83.0,1,79,property-backed but not confidently classified as a material,Системы 1.xls
83.33333333333333,1,6,property-backed but not confidently classified as a material,Системы 1.xls | Таблица на 1 кв.м ЛКМ основная.xlsx
83.4,1,11,property-backed but not confidently classified as a material,Таблица на 1 кв.м ЛКМ основная.xlsx
831,1,6,property-backed but not confidently classified as a material,Таблица на 1 кв.м ЛКМ основная.xlsx
832.1376,1,2,property-backed but not confidently classified as a material,Таблица на 1 кв.м ЛКМ основная.xlsx
834.6,1,1,property-backed but not confidently classified as a material,Таблица на 1 кв.м ЛКМ основная.xlsx
835.7142857142858,1,1,property-backed but not confidently classified as a material,Таблица на 1 кв.м ЛКМ основная.xlsx
837,1,2,property-backed but not confidently classified as a material,Таблица на 1 кв.м ЛКМ основная.xlsx
8393.285371702637,1,1,property-backed but not confidently classified as a material,Таблица на 1 кв.м ЛКМ основная.xlsx
84.7457627118644,1,2,property-backed but not confidently classified as a material,Таблица на 1 кв.м ЛКМ основная.xlsx
841.1045999999999,1,1,property-backed but not confidently classified as a material,Таблица на 1 кв.м ЛКМ основная.xlsx
841.5200000000001,1,6,property-backed but not confidently classified as a material,Таблица на 1 кв.м ЛКМ основная.xlsx
842.4,1,1,property-backed but not confidently classified as a material,Таблица на 1 кв.м ЛКМ основная.xlsx
847.3451788491446,1,1,property-backed but not confidently classified as a material,Таблица на 1 кв.м ЛКМ основная.xlsx
85,1,25,property-backed but not confidently classified as a material,Системы 3.xlsx | Системы 4.xlsx | Таблица на 1 кв.м ЛКМ основная.xlsx
85.0,1,9,property-backed but not confidently classified as a material,Системы 1.xls
85/58,1,2,property-backed but not confidently classified as a material,Системы 4.xlsx
85/85,1,1,property-backed but not confidently classified as a material,Системы 4.xlsx
850,1,1,property-backed but not confidently classified as a material,Таблица на 1 кв.м ЛКМ основная.xlsx
8500,1,1,property-backed but not confidently classified as a material,Таблица на 1 кв.м ЛКМ основная.xlsx
851.1999999999999,1,1,property-backed but not confidently classified as a material,Таблица на 1 кв.м ЛКМ основная.xlsx
852,1,2,property-backed but not confidently classified as a material,Таблица на 1 кв.м ЛКМ основная.xlsx
852.17,1,1,property-backed but not confidently classified as a material,Таблица на 1 кв.м ЛКМ основная.xlsx
853.9943999999999,1,1,property-backed but not confidently classified as a material,Таблица на 1 кв.м ЛКМ основная.xlsx
855,1,1,property-backed but not confidently classified as a material,Таблица на 1 кв.м ЛКМ основная.xlsx
857.1428571428572,1,1,property-backed but not confidently classified as a material,Таблица на 1 кв.м ЛКМ основная.xlsx
858,1,2,property-backed but not confidently classified as a material,Таблица на 1 кв.м ЛКМ основная.xlsx
859,1,1,property-backed but not confidently classified as a material,Таблица на 1 кв.м ЛКМ основная.xlsx
859.5,1,1,property-backed but not confidently classified as a material,Таблица на 1 кв.м ЛКМ основная.xlsx
86.20689655172414,1,21,property-backed but not confidently classified as a material,Системы 1.xls | Таблица на 1 кв.м ЛКМ основная.xlsx
860,1,7,property-backed but not confidently classified as a material,Таблица на 1 кв.м ЛКМ основная.xlsx
860.7142857142858,1,1,property-backed but not confidently classified as a material,Таблица на 1 кв.м ЛКМ основная.xlsx
861,1,1,property-backed but not confidently classified as a material,Таблица на 1 кв.м ЛКМ основная.xlsx
864,1,1,property-backed but not confidently classified as a material,Таблица на 1 кв.м ЛКМ основная.xlsx
865,1,5,property-backed but not confidently classified as a material,Таблица на 1 кв.м ЛКМ основная.xlsx
868,1,1,property-backed but not confidently classified as a material,Таблица на 1 кв.м ЛКМ основная.xlsx
87,1,2,property-backed but not confidently classified as a material,Таблица на 1 кв.м ЛКМ основная.xlsx
873.6,1,2,property-backed but not confidently classified as a material,Таблица на 1 кв.м ЛКМ основная.xlsx
876.5714285714287,1,3,property-backed but not confidently classified as a material,Таблица на 1 кв.м ЛКМ основная.xlsx
877.5,1,1,property-backed but not confidently classified as a material,Таблица на 1 кв.м ЛКМ основная.xlsx
878.4313725490197,1,2,property-backed but not confidently classified as a material,Таблица на 1 кв.м ЛКМ основная.xlsx
878.8000000000001,1,6,property-backed but not confidently classified as a material,Таблица на 1 кв.м ЛКМ основная.xlsx
88.0,1,9,property-backed but not confidently classified as a material,Системы 1.xls
88.23529411764706,1,1,property-backed but not confidently classified as a material,Таблица на 1 кв.м ЛКМ основная.xlsx
880,1,2,property-backed but not confidently classified as a material,Таблица на 1 кв.м ЛКМ основная.xlsx
880.1,1,1,property-backed but not confidently classified as a material,Таблица на 1 кв.м ЛКМ основная.xlsx
882,1,2,property-backed but not confidently classified as a material,Таблица на 1 кв.м ЛКМ основная.xlsx
884.0000000000001,1,1,property-backed but not confidently classified as a material,Таблица на 1 кв.м ЛКМ основная.xlsx
884.5,1,1,property-backed but not confidently classified as a material,Таблица на 1 кв.м ЛКМ основная.xlsx
885.9938080495357,1,1,property-backed but not confidently classified as a material,Таблица на 1 кв.м ЛКМ основная.xlsx
886.5833333333334,1,1,property-backed but not confidently classified as a material,Таблица на 1 кв.м ЛКМ основная.xlsx
887.04,1,1,property-backed but not confidently classified as a material,Таблица на 1 кв.м ЛКМ основная.xlsx
888.8489208633092,1,1,property-backed but not confidently classified as a material,Таблица на 1 кв.м ЛКМ основная.xlsx
89.55223880597015,1,11,property-backed but not confidently classified as a material,Системы 1.xls | Таблица на 1 кв.м ЛКМ основная.xlsx
890,1,2,property-backed but not confidently classified as a material,Таблица на 1 кв.м ЛКМ основная.xlsx
895,1,1,property-backed but not confidently classified as a material,Таблица на 1 кв.м ЛКМ основная.xlsx
896,1,3,property-backed but not confidently classified as a material,Таблица на 1 кв.м ЛКМ основная.xlsx
9,1,28,property-backed but not confidently classified as a material,Системы 2.XLSX | Системы 3.xlsx | Системы 4.xlsx | Таблица на 1 кв.м ЛКМ основная.xlsx
9.125,1,23,property-backed but not confidently classified as a material,Таблица на 1 кв.м ЛКМ основная.xlsx
9.333333333333334,1,4,property-backed but not confidently classified as a material,Таблица на 1 кв.м ЛКМ основная.xlsx
9.523809523809524,1,1,property-backed but not confidently classified as a material,Таблица на 1 кв.м ЛКМ основная.xlsx
9.666666666666666,1,69,property-backed but not confidently classified as a material,Таблица на 1 кв.м ЛКМ основная.xlsx
90,1,15,property-backed but not confidently classified as a material,Системы 2.XLSX | Системы 3.xlsx | Таблица на 1 кв.м ЛКМ основная.xlsx
90.0,1,15,property-backed but not confidently classified as a material,Системы 1.xls
90.51724137931035,1,1,property-backed but not confidently classified as a material,Таблица на 1 кв.м ЛКМ основная.xlsx
90.9090909090909,1,2,property-backed but not confidently classified as a material,Таблица на 1 кв.м ЛКМ основная.xlsx
90/90,1,2,property-backed but not confidently classified as a material,Системы 4.xlsx
900,1,4,property-backed but not confidently classified as a material,Таблица на 1 кв.м ЛКМ основная.xlsx
900.9000000000001,1,2,property-backed but not confidently classified as a material,Таблица на 1 кв.м ЛКМ основная.xlsx
9003,1,15,property-backed but not confidently classified as a material,Таблица на 1 кв.м ЛКМ основная.xlsx
9005,1,6,property-backed but not confidently classified as a material,Таблица на 1 кв.м ЛКМ основная.xlsx
9006,1,8,property-backed but not confidently classified as a material,Таблица на 1 кв.м ЛКМ основная.xlsx
9010,1,3,property-backed but not confidently classified as a material,Таблица на 1 кв.м ЛКМ основная.xlsx
9016,1,1,property-backed but not confidently classified as a material,Таблица на 1 кв.м ЛКМ основная.xlsx
904,1,1,property-backed but not confidently classified as a material,Таблица на 1 кв.м ЛКМ основная.xlsx
906.0000000000001,1,1,property-backed but not confidently classified as a material,Таблица на 1 кв.м ЛКМ основная.xlsx
907.5630252100841,1,1,property-backed but not confidently classified as a material,Таблица на 1 кв.м ЛКМ основная.xlsx
908,1,1,property-backed but not confidently classified as a material,Таблица на 1 кв.м ЛКМ основная.xlsx
91.0,1,6,property-backed but not confidently classified as a material,Системы 1.xls
91.8,1,1,property-backed but not confidently classified as a material,Таблица на 1 кв.м ЛКМ основная.xlsx
910,1,7,property-backed but not confidently classified as a material,Таблица на 1 кв.м ЛКМ основная.xlsx
916.6666666666667,1,1,property-backed but not confidently classified as a material,Таблица на 1 кв.м ЛКМ основная.xlsx
917.8571428571429,1,1,property-backed but not confidently classified as a material,Таблица на 1 кв.м ЛКМ основная.xlsx
92.3076923076923,1,4,property-backed but not confidently classified as a material,Системы 1.xls
921.4285714285714,1,1,property-backed but not confidently classified as a material,Таблица на 1 кв.м ЛКМ основная.xlsx
922.8571428571429,1,3,property-backed but not confidently classified as a material,Таблица на 1 кв.м ЛКМ основная.xlsx
93.75,1,9,property-backed but not confidently classified as a material,Системы 1.xls | Таблица на 1 кв.м ЛКМ основная.xlsx
930,1,1,property-backed but not confidently classified as a material,Таблица на 1 кв.м ЛКМ основная.xlsx
930.0000000000001,1,1,property-backed but not confidently classified as a material,Таблица на 1 кв.м ЛКМ основная.xlsx
930.8000000000001,1,2,property-backed but not confidently classified as a material,Таблица на 1 кв.м ЛКМ основная.xlsx
931,1,1,property-backed but not confidently classified as a material,Таблица на 1 кв.м ЛКМ основная.xlsx
938,1,1,property-backed but not confidently classified as a material,Таблица на 1 кв.м ЛКМ основная.xlsx
939.9368000000001,1,1,property-backed but not confidently classified as a material,Таблица на 1 кв.м ЛКМ основная.xlsx
94.5945945945946,1,2,property-backed but not confidently classified as a material,Таблица на 1 кв.м ЛКМ основная.xlsx
94.82758620689656,1,2,property-backed but not confidently classified as a material,Таблица на 1 кв.м ЛКМ основная.xlsx
940.1,1,6,property-backed but not confidently classified as a material,Таблица на 1 кв.м ЛКМ основная.xlsx
940.8498168498169,1,1,property-backed but not confidently classified as a material,Таблица на 1 кв.м ЛКМ основная.xlsx
945.1,1,2,property-backed but not confidently classified as a material,Таблица на 1 кв.м ЛКМ основная.xlsx
95,1,3,property-backed but not confidently classified as a material,Таблица на 1 кв.м ЛКМ основная.xlsx
95±3,1,12,property-backed but not confidently classified as a material,Системы 3.xlsx
95.0,1,6,property-backed but not confidently classified as a material,Системы 1.xls
95.23809523809524,1,54,property-backed but not confidently classified as a material,Системы 1.xls | Таблица на 1 кв.м ЛКМ основная.xlsx
95.7,1,1,property-backed but not confidently classified as a material,Таблица на 1 кв.м ЛКМ основная.xlsx
950,1,3,property-backed but not confidently classified as a material,Таблица на 1 кв.м ЛКМ основная.xlsx
950.0000000000001,1,1,property-backed but not confidently classified as a material,Таблица на 1 кв.м ЛКМ основная.xlsx
96.3855421686747,1,2,property-backed but not confidently classified as a material,Таблица на 1 кв.м ЛКМ основная.xlsx
96.7741935483871,1,5,property-backed but not confidently classified as a material,Системы 1.xls | Таблица на 1 кв.м ЛКМ основная.xlsx
960,1,2,property-backed but not confidently classified as a material,Таблица на 1 кв.м ЛКМ основная.xlsx
962.65,1,2,property-backed but not confidently classified as a material,Таблица на 1 кв.м ЛКМ основная.xlsx
964.2857142857143,1,2,property-backed but not confidently classified as a material,Таблица на 1 кв.м ЛКМ основная.xlsx
966,1,9,property-backed but not confidently classified as a material,Таблица на 1 кв.м ЛКМ основная.xlsx
968.45,1,2,property-backed but not confidently classified as a material,Таблица на 1 кв.м ЛКМ основная.xlsx
970,1,2,property-backed but not confidently classified as a material,Таблица на 1 кв.м ЛКМ основная.xlsx
970.0000000000001,1,3,property-backed but not confidently classified as a material,Таблица на 1 кв.м ЛКМ основная.xlsx
971.1650000000001,1,6,property-backed but not confidently classified as a material,Таблица на 1 кв.м ЛКМ основная.xlsx
975,1,2,property-backed but not confidently classified as a material,Таблица на 1 кв.м ЛКМ основная.xlsx
976.61,1,1,property-backed but not confidently classified as a material,Таблица на 1 кв.м ЛКМ основная.xlsx
977.3400000000001,1,1,property-backed but not confidently classified as a material,Таблица на 1 кв.м ЛКМ основная.xlsx
979.9999999999999,1,2,property-backed but not confidently classified as a material,Таблица на 1 кв.м ЛКМ основная.xlsx
98.8235294117647,1,1,property-backed but not confidently classified as a material,Таблица на 1 кв.м ЛКМ основная.xlsx
980,1,2,property-backed but not confidently classified as a material,Таблица на 1 кв.м ЛКМ основная.xlsx
984,1,1,property-backed but not confidently classified as a material,Таблица на 1 кв.м ЛКМ основная.xlsx
985.4,1,3,property-backed but not confidently classified as a material,Таблица на 1 кв.м ЛКМ основная.xlsx
987.8571428571429,1,1,property-backed but not confidently classified as a material,Таблица на 1 кв.м ЛКМ основная.xlsx
988,1,1,property-backed but not confidently classified as a material,Таблица на 1 кв.м ЛКМ основная.xlsx
989,1,2,property-backed but not confidently classified as a material,Таблица на 1 кв.м ЛКМ основная.xlsx
989.9934,1,1,property-backed but not confidently classified as a material,Таблица на 1 кв.м ЛКМ основная.xlsx
990,1,2,property-backed but not confidently classified as a material,Таблица на 1 кв.м ЛКМ основная.xlsx
991.1999999999999,1,1,property-backed but not confidently classified as a material,Таблица на 1 кв.м ЛКМ основная.xlsx
993.2575757575758,1,1,property-backed but not confidently classified as a material,Таблица на 1 кв.м ЛКМ основная.xlsx
993.72,1,2,property-backed but not confidently classified as a material,Таблица на 1 кв.м ЛКМ основная.xlsx
C2 - C5,1,6,property-backed but not confidently classified as a material,Системы 2.XLSX | Системы 3.xlsx | Системы 4.xlsx
"C2 - C5, УХЛ1, ХЛ1",1,9,property-backed but not confidently classified as a material,Системы 2.XLSX | Системы 3.xlsx | Системы 4.xlsx
"C2, C3, C4,С5, УХЛ1",1,3,property-backed but not confidently classified as a material,Системы 2.XLSX | Системы 3.xlsx | Системы 4.xlsx
"C2, C3, C4, УХЛ1",1,4,property-backed but not confidently classified as a material,Системы 2.XLSX | Системы 3.xlsx | Системы 4.xlsx
"C2-C4, УХЛ1, ХЛ1",1,1,property-backed but not confidently classified as a material,Системы 2.XLSX
"C2-C5, УХЛ1, ХЛ1",1,1,property-backed but not confidently classified as a material,Системы 2.XLSX
C5 до 25 лет,1,3,property-backed but not confidently classified as a material,Системы 2.XLSX | Системы 3.xlsx | Системы 4.xlsx
Certa,1,3,property-backed but not confidently classified as a material,Системы 1.xls
#DIV/0!,1,4,property-backed but not confidently classified as a material,Таблица на 1 кв.м ЛКМ основная.xlsx
Elcon Max Therm,1,2,property-backed but not confidently classified as a material,Таблица на 1 кв.м ЛКМ основная.xlsx
EP,1,14,property-backed but not confidently classified as a material,Системы 3.xlsx
EP-MIO,1,1,property-backed but not confidently classified as a material,Системы 3.xlsx
EPZ,1,1,property-backed but not confidently classified as a material,Системы 3.xlsx
lm1,1,3,property-backed but not confidently classified as a material,Системы 2.XLSX | Системы 3.xlsx | Системы 4.xlsx
"lm1, lm2",1,3,property-backed but not confidently classified as a material,Системы 2.XLSX | Системы 3.xlsx | Системы 4.xlsx
lm2,1,3,property-backed but not confidently classified as a material,Системы 2.XLSX | Системы 3.xlsx | Системы 4.xlsx
Masscopoxy 1264,1,12,property-backed but not confidently classified as a material,Системы 1.xls | Таблица на 1 кв.м ЛКМ основная.xlsx
Masscopur 14,1,6,property-backed but not confidently classified as a material,Системы 1.xls | Таблица на 1 кв.м ЛКМ основная.xlsx
Pentricolor PUR 500,1,2,property-backed but not confidently classified as a material,Таблица на 1 кв.м ЛКМ основная.xlsx
Pentricor EP 300,1,2,property-backed but not confidently classified as a material,Таблица на 1 кв.м ЛКМ основная.xlsx
PU,1,7,property-backed but not confidently classified as a material,Системы 3.xlsx
R120,1,7,property-backed but not confidently classified as a material,Системы 3.xlsx | Таблица на 1 кв.м ЛКМ основная.xlsx
R30,1,5,property-backed but not confidently classified as a material,Таблица на 1 кв.м ЛКМ основная.xlsx
R45,1,10,property-backed but not confidently classified as a material,Системы 3.xlsx | Таблица на 1 кв.м ЛКМ основная.xlsx
R60,1,5,property-backed but not confidently classified as a material,Системы 3.xlsx | Таблица на 1 кв.м ЛКМ основная.xlsx
R90,1,14,property-backed but not confidently classified as a material,Системы 3.xlsx | Таблица на 1 кв.м ЛКМ основная.xlsx
RAL,2,104,property-backed but not confidently classified as a material,Системы 1.xls | Таблица на 1 кв.м ЛКМ основная.xlsx
Ral 7036,1,2,property-backed but not confidently classified as a material,Таблица на 1 кв.м ЛКМ основная.xlsx
Ral7004,1,6,property-backed but not confidently classified as a material,Таблица на 1 кв.м ЛКМ основная.xlsx
"Абразиво-струйная очистка сплошных поверхностей до степени очистки Sa 2,5 по ISO 8501-1 (Степени 2 по ГОСТ 9.402).",1,17,property-backed but not confidently classified as a material,Системы 1.xls
АКРУС Лонг,1,3,property-backed but not confidently classified as a material,Системы 1.xls
АКРУС Прайм,1,3,property-backed but not confidently classified as a material,Системы 1.xls
Акрус с,1,1,property-backed but not confidently classified as a material,Таблица на 1 кв.м ЛКМ основная.xlsx
Акрус Терма,1,6,property-backed but not confidently classified as a material,Системы 1.xls
Акрус ур,1,1,property-backed but not confidently classified as a material,Таблица на 1 кв.м ЛКМ основная.xlsx
Акрус Эпокс С,1,1,property-backed but not confidently classified as a material,Таблица на 1 кв.м ЛКМ основная.xlsx
алопол,1,1,property-backed but not confidently classified as a material,Таблица на 1 кв.м ЛКМ основная.xlsx
Алпол,1,2,property-backed but not confidently classified as a material,Таблица на 1 кв.м ЛКМ основная.xlsx
"Алюминевый, серый, красно-коричневый",1,13,property-backed but not confidently classified as a material,Системы 1.xls
Алюминиевый,1,12,property-backed but not confidently classified as a material,Системы 1.xls
Алюмотерм,1,3,property-backed but not confidently classified as a material,Системы 1.xls
Антикор БЭПМ,1,1,property-backed but not confidently classified as a material,Таблица на 1 кв.м ЛКМ основная.xlsx
б/цветный,1,1,property-backed but not confidently classified as a material,Системы 1.xls
Более 15 лет,1,6,property-backed but not confidently classified as a material,Системы 2.XLSX | Системы 3.xlsx | Системы 4.xlsx
в зависимости от цвета,1,1,property-backed but not confidently classified as a material,Таблица на 1 кв.м ЛКМ основная.xlsx
Велефорс ФД,1,1,property-backed but not confidently classified as a material,Таблица на 1 кв.м ЛКМ основная.xlsx
грунт ЭмальИндосингл ПУ,1,1,property-backed but not confidently classified as a material,Таблица на 1 кв.м ЛКМ основная.xlsx
"Грунт-эмаль ""АКРУС Эпокс С""",1,12,property-backed but not confidently classified as a material,Системы 1.xls
Грунт-эмаль Акрус-эпокс С,1,2,property-backed but not confidently classified as a material,Системы 1.xls
Двухкомпонентная эпоксидная эмаль с содержанием окиси железа,1,2,property-backed but not confidently classified as a material,Системы 2.XLSX | Системы 4.xlsx
До 25 лет,1,3,property-backed but not confidently classified as a material,Системы 2.XLSX | Системы 3.xlsx | Системы 4.xlsx
зеленый,1,6,property-backed but not confidently classified as a material,Системы 1.xls
Изолеп Мастик,1,9,property-backed but not confidently classified as a material,Таблица на 1 кв.м ЛКМ основная.xlsx
киндур,1,1,property-backed but not confidently classified as a material,Таблица на 1 кв.м ЛКМ основная.xlsx
КО,1,2,property-backed but not confidently classified as a material,Таблица на 1 кв.м ЛКМ основная.xlsx
Корропайп 50,1,3,property-backed but not confidently classified as a material,Системы 1.xls
"красный, серый",1,17,property-backed but not confidently classified as a material,Системы 1.xls
М2,1,130,property-backed but not confidently classified as a material,Системы 1.xls
Микроцинк,1,1,property-backed but not confidently classified as a material,Таблица на 1 кв.м ЛКМ основная.xlsx
Наименование материала,1,3,property-backed but not confidently classified as a material,Системы 3.xlsx
не менее 10 лет,1,3,property-backed but not confidently classified as a material,Системы 2.XLSX | Системы 3.xlsx | Системы 4.xlsx
Нефтепейнт 652,1,12,property-backed but not confidently classified as a material,Системы 1.xls
Обезжиривание сплошных поверхностей до степени 1 по ГОСТ 9.402.,1,17,property-backed but not confidently classified as a material,Системы 1.xls
Обеспыливание сплошных поверхностей до степени 2 по ISO 8502-3.,1,17,property-backed but not confidently classified as a material,Системы 1.xls
Общее количество ЛКМ,1,10,property-backed but not confidently classified as a material,Таблица на 1 кв.м ЛКМ основная.xlsx
"ОМ1, тип III",1,1,property-backed but not confidently classified as a material,Системы 3.xlsx
Ортоксилол,1,3,property-backed but not confidently classified as a material,Таблица на 1 кв.м ЛКМ основная.xlsx
ПентриПур,1,1,property-backed but not confidently classified as a material,Таблица на 1 кв.м ЛКМ основная.xlsx
ПентриЦинк,1,1,property-backed but not confidently classified as a material,Таблица на 1 кв.м ЛКМ основная.xlsx
по Ral,1,1,property-backed but not confidently classified as a material,Таблица на 1 кв.м ЛКМ основная.xlsx
Полиуретановая Грунт-эмаль,1,4,property-backed but not confidently classified as a material,Системы 2.XLSX
Полиуретановая эмаль,1,14,property-backed but not confidently classified as a material,Системы 2.XLSX | Системы 4.xlsx
Полосовое окрашивание,1,201,property-backed but not confidently classified as a material,Системы 1.xls
Полосовое окрашивание сварочных швов и примыканий кистью или валиком вручную,1,16,property-backed but not confidently classified as a material,Системы 1.xls
Примакор,1,1,property-backed but not confidently classified as a material,Таблица на 1 кв.м ЛКМ основная.xlsx
Растовритель GT87 для эмали,1,1,property-backed but not confidently classified as a material,Таблица на 1 кв.м ЛКМ основная.xlsx
Растовритель  для эмали,1,3,property-backed but not confidently classified as a material,Таблица на 1 кв.м ЛКМ основная.xlsx
РИТАН-755,1,4,property-backed but not confidently classified as a material,Системы 1.xls
САК,1,1,property-backed but not confidently classified as a material,Таблица на 1 кв.м ЛКМ основная.xlsx
салатный,1,3,property-backed but not confidently classified as a material,Системы 1.xls
"Светло-красный, светло-серый, красный",1,9,property-backed but not confidently classified as a material,Системы 1.xls
серебристый,1,6,property-backed but not confidently classified as a material,Системы 1.xls
серый,2,236,property-backed but not confidently classified as a material,Системы 1.xls | Таблица на 1 кв.м ЛКМ основная.xlsx
"Серый, коричневый, зеленый",1,18,property-backed but not confidently classified as a material,Системы 1.xls
"серый, кр.кор",1,36,property-backed but not confidently classified as a material,Системы 1.xls
"серый, кр.кор.",1,6,property-backed but not confidently classified as a material,Системы 1.xls
"Серый, красно-коричневый",1,14,property-backed but not confidently classified as a material,Системы 1.xls
"Серый, красный",3,69,property-backed but not confidently classified as a material,Системы 1.xls
"Серый, красный, кремовый",1,15,property-backed but not confidently classified as a material,Системы 1.xls
"Серый, светло-красный, кремовый, красный",1,10,property-backed but not confidently classified as a material,Системы 1.xls
"серый, серо-зеленый, красный",1,2,property-backed but not confidently classified as a material,Системы 1.xls
серый/красно-коричневый,1,17,property-backed but not confidently classified as a material,Системы 1.xls
Система покрытия,1,3,property-backed but not confidently classified as a material,Таблица на 1 кв.м ЛКМ основная.xlsx
Сулокавер 2к,1,11,property-backed but not confidently classified as a material,Таблица на 1 кв.м ЛКМ основная.xlsx
Тип материала,1,3,property-backed but not confidently classified as a material,Системы 3.xlsx
Толщина пленки,1,2,property-backed but not confidently classified as a material,Таблица на 1 кв.м ЛКМ основная.xlsx
Толщина покрытия (мкм),1,13,property-backed but not confidently classified as a material,Таблица на 1 кв.м ЛКМ основная.xlsx
Толщина слоя,1,1,property-backed but not confidently classified as a material,Системы 3.xlsx
Толщина сухой пленки,1,1,property-backed but not confidently classified as a material,Таблица на 1 кв.м ЛКМ основная.xlsx
ТРЭПП-РВ-726Н,1,22,property-backed but not confidently classified as a material,Системы 1.xls
Укрывистость,1,2,property-backed but not confidently classified as a material,Таблица на 1 кв.м ЛКМ основная.xlsx
"УХЛ 1, тип II не менее 10 лет",1,3,property-backed but not confidently classified as a material,Системы 2.XLSX | Системы 3.xlsx | Системы 4.xlsx
"УХЛ 1, тип II не менее 15 лет",1,3,property-backed but not confidently classified as a material,Системы 2.XLSX | Системы 3.xlsx | Системы 4.xlsx
"УХЛ 1, тип II не менее 7 лет",1,1,property-backed but not confidently classified as a material,Системы 2.XLSX
"УХЛ1, ХЛ1, срок службы более 10 лет.",1,2,property-backed but not confidently classified as a material,Системы 2.XLSX
"УХЛ1, ХЛ1, срок службы более 22 лет.",1,3,property-backed but not confidently classified as a material,Системы 2.XLSX | Системы 3.xlsx | Системы 4.xlsx
"УХЛ1, ХЛ1, срок службы более 25 лет.",1,9,property-backed but not confidently classified as a material,Системы 2.XLSX | Системы 3.xlsx | Системы 4.xlsx
ЦинкЭтил,1,1,property-backed but not confidently classified as a material,Таблица на 1 кв.м ЛКМ основная.xlsx
Цинол,1,2,property-backed but not confidently classified as a material,Таблица на 1 кв.м ЛКМ основная.xlsx
Цинотерм,1,3,property-backed but not confidently classified as a material,Системы 1.xls
черный,1,25,property-backed but not confidently classified as a material,Системы 1.xls | Таблица на 1 кв.м ЛКМ основная.xlsx
ЭКОМАССТ ПОЛИУРЕТАН,1,1,property-backed but not confidently classified as a material,Таблица на 1 кв.м ЛКМ основная.xlsx
Экомаст 280,1,1,property-backed but not confidently classified as a material,Таблица на 1 кв.м ЛКМ основная.xlsx
Экомаст 74,1,1,property-backed but not confidently classified as a material,Таблица на 1 кв.м ЛКМ основная.xlsx
"Эмаль ""АКРУС Полиур""",1,5,property-backed but not confidently classified as a material,Системы 1.xls
Эмаль Акрус-Полиур,1,2,property-backed but not confidently classified as a material,Системы 1.xls
Эмаль БАСА 2К ПУ-110,1,1,property-backed but not confidently classified as a material,Таблица на 1 кв.м ЛКМ основная.xlsx
Эпоксид железной слюдкой,1,1,property-backed but not confidently classified as a material,Таблица на 1 кв.м ЛКМ основная.xlsx
Эпоксид с цинком,1,4,property-backed but not confidently classified as a material,Таблица на 1 кв.м ЛКМ основная.xlsx
Эпоксид с цинкофосфатом,1,11,property-backed but not confidently classified as a material,Таблица на 1 кв.м ЛКМ основная.xlsx
Эпоксидная цинконаполненная грунтовка,1,2,property-backed but not confidently classified as a material,Системы 2.XLSX | Системы 4.xlsx
